id,created_utc,subreddit,author,title,score,num_comments,url,selftext
1oluf7c,2025-11-01T17:58:53+00:00,AskReddit,gisa12,"What modern slang do you dislike, and what makes it annoying to you?",1,0,https://www.reddit.com/r/AskReddit/comments/1oluf7c/what_modern_slang_do_you_dislike_and_what_makes/,
1oluedw,2025-11-01T17:57:57+00:00,AskReddit,Yoghurt41,"How often does your cat act like the ones in the funny videos, doing weird and funny, strangely anthropromorphic stuff?",1,0,https://www.reddit.com/r/AskReddit/comments/1oluedw/how_often_does_your_cat_act_like_the_ones_in_the/,
1oludb0,2025-11-01T17:56:44+00:00,AskReddit,Otherwise_Flight3679,What has been the most influential non-religious book/text?,1,2,https://www.reddit.com/r/AskReddit/comments/1oludb0/what_has_been_the_most_influential_nonreligious/,
1oluchn,2025-11-01T17:55:50+00:00,AskReddit,EmphasisEqual6830,"What’s that one movie you’ve seen a hundred times, yet if someone hit play right now, you’d still sit down and watch it like it’s the first?",0,3,https://www.reddit.com/r/AskReddit/comments/1oluchn/whats_that_one_movie_youve_seen_a_hundred_times/,
1oluc9c,2025-11-01T17:55:36+00:00,AskReddit,TheRealAl3x77,"What is the single most defining action a person took that revealed their true character to you, for better or for worse (It doesn’t have to be to you—it could be to a server, a child, or a lost dog.)?",1,0,https://www.reddit.com/r/AskReddit/comments/1oluc9c/what_is_the_single_most_defining_action_a_person/,
1olubll,2025-11-01T17:54:53+00:00,AskReddit,armando_commando,What's a red flag that is actually a green flag in a relationship?,0,1,https://www.reddit.com/r/AskReddit/comments/1olubll/whats_a_red_flag_that_is_actually_a_green_flag_in/,
1olub22,2025-11-01T17:54:17+00:00,AskReddit,Alive-Solution-8793,What movie have you seen more than 7 times (reply with a quote) ?,2,5,https://www.reddit.com/r/AskReddit/comments/1olub22/what_movie_have_you_seen_more_than_7_times_reply/,
1oluaha,2025-11-01T17:53:41+00:00,AskReddit,Abhiiiii107,At what age did you learn to drive?,3,10,https://www.reddit.com/r/AskReddit/comments/1oluaha/at_what_age_did_you_learn_to_drive/,
1oluadf,2025-11-01T17:53:35+00:00,AskReddit,Working_Rub_8278,"Even though Halloween was yesterday, what are some annoying superstitions you think people should stop believing to be true?",1,2,https://www.reddit.com/r/AskReddit/comments/1oluadf/even_though_halloween_was_yesterday_what_are_some/,
1oluac1,2025-11-01T17:53:33+00:00,AskReddit,jonnyofield-,When did apple change its mind on air tags and people?,1,1,https://www.reddit.com/r/AskReddit/comments/1oluac1/when_did_apple_change_its_mind_on_air_tags_and/,
1olua69,2025-11-01T17:53:22+00:00,AskReddit,Massive-Syllabub-271,What's the phone that you've used for longest time?,1,3,https://www.reddit.com/r/AskReddit/comments/1olua69/whats_the_phone_that_youve_used_for_longest_time/,
1olu9q7,2025-11-01T17:52:52+00:00,AskReddit,starfury287,What is something as a kid you thought you'd be dealing with often as an adult and definitely aren't?,3,3,https://www.reddit.com/r/AskReddit/comments/1olu9q7/what_is_something_as_a_kid_you_thought_youd_be/,
1olu9pn,2025-11-01T17:52:51+00:00,AskReddit,Ninety2Till,"What is the naughtiest thing you’ve done in your life, or want to try?",0,7,https://www.reddit.com/r/AskReddit/comments/1olu9pn/what_is_the_naughtiest_thing_youve_done_in_your/,
1olu9ob,2025-11-01T17:52:49+00:00,AskReddit,sweetblueberriesss,what's a fear you’ve overcome that made you proud of yourself?,1,1,https://www.reddit.com/r/AskReddit/comments/1olu9ob/whats_a_fear_youve_overcome_that_made_you_proud/,
1olu8qv,2025-11-01T17:51:46+00:00,AskReddit,Icy-Spring-999,How do you make friends irl?,3,4,https://www.reddit.com/r/AskReddit/comments/1olu8qv/how_do_you_make_friends_irl/,
1olu7w9,2025-11-01T17:50:49+00:00,AskReddit,moneydigger3,What was your first favourite source of income ?,2,14,https://www.reddit.com/r/AskReddit/comments/1olu7w9/what_was_your_first_favourite_source_of_income/,
1olu7s2,2025-11-01T17:50:42+00:00,AskReddit,Jorgan47,What If Time Doesn’t Flow the Same for Everyone?,1,6,https://www.reddit.com/r/AskReddit/comments/1olu7s2/what_if_time_doesnt_flow_the_same_for_everyone/,
1olu7dw,2025-11-01T17:50:13+00:00,AskReddit,Repulsive-Weekend341,Who tells the stars it’s bed time?,4,4,https://www.reddit.com/r/AskReddit/comments/1olu7dw/who_tells_the_stars_its_bed_time/,
1olu6ow,2025-11-01T17:49:22+00:00,AskReddit,Repulsive_Assist3507,Will USA get into recession next year and why ?,1,5,https://www.reddit.com/r/AskReddit/comments/1olu6ow/will_usa_get_into_recession_next_year_and_why/,
1olu6nt,2025-11-01T17:49:20+00:00,AskReddit,_barrelhurdle38_,What are some good things happening in the world right now?,0,1,https://www.reddit.com/r/AskReddit/comments/1olu6nt/what_are_some_good_things_happening_in_the_world/,
1olu6kc,2025-11-01T17:49:13+00:00,AskReddit,xzeus1,"When someone tells you you’re attractive, how do you know if they 1) mean it, 2) are being polite, 3) feel bad for you, or 4) just want to get into your pants?",1,3,https://www.reddit.com/r/AskReddit/comments/1olu6kc/when_someone_tells_you_youre_attractive_how_do/,
1olu6dx,2025-11-01T17:49:02+00:00,AskReddit,world_citizen7,"Who do you think is the worlds best athlete right now, someone who is active in their sport right now?",1,3,https://www.reddit.com/r/AskReddit/comments/1olu6dx/who_do_you_think_is_the_worlds_best_athlete_right/,
1olu5w0,2025-11-01T17:48:29+00:00,AskReddit,Happy_Terd,"Retail employees of Reddit, did you ever witness a customer trying to steal something, and what was it?",1,7,https://www.reddit.com/r/AskReddit/comments/1olu5w0/retail_employees_of_reddit_did_you_ever_witness_a/,
1olu5ku,2025-11-01T17:48:08+00:00,AskReddit,Financial-Tackle-668,What do you do when you feel like you hit a limit in your life?,3,5,https://www.reddit.com/r/AskReddit/comments/1olu5ku/what_do_you_do_when_you_feel_like_you_hit_a_limit/,
1olu5gs,2025-11-01T17:48:00+00:00,AskReddit,ApatheiaVeritas,What is so bad about being woke?,2,5,https://www.reddit.com/r/AskReddit/comments/1olu5gs/what_is_so_bad_about_being_woke/,
1olu53w,2025-11-01T17:47:37+00:00,AskReddit,Rosstin316,How do you feel your Republican beliefs align with the teachings of Jesus Christ?,1,2,https://www.reddit.com/r/AskReddit/comments/1olu53w/how_do_you_feel_your_republican_beliefs_align/,
1olu4o0,2025-11-01T17:47:07+00:00,AskReddit,Amazing-Account5665,What is the scariest thing that happened to you?,1,4,https://www.reddit.com/r/AskReddit/comments/1olu4o0/what_is_the_scariest_thing_that_happened_to_you/,
1olu4c0,2025-11-01T17:46:44+00:00,AskReddit,lastunknown21,What is your fav horror movie?,1,4,https://www.reddit.com/r/AskReddit/comments/1olu4c0/what_is_your_fav_horror_movie/,
1olu415,2025-11-01T17:46:24+00:00,AskReddit,0llj,What was your favorite movie growing up as a kid?,1,6,https://www.reddit.com/r/AskReddit/comments/1olu415/what_was_your_favorite_movie_growing_up_as_a_kid/,
1olu3wk,2025-11-01T17:46:15+00:00,AskReddit,Due-Cell-6630,"Need Friends, Anyone up for a chat about life,people,places or whatever?",2,0,https://www.reddit.com/r/AskReddit/comments/1olu3wk/need_friends_anyone_up_for_a_chat_about/,
1olu3og,2025-11-01T17:46:00+00:00,AskReddit,jhmorua,What’s a movie quote you’ve used in a completely normal conversation — and no one realized it was from a movie?,1,3,https://www.reddit.com/r/AskReddit/comments/1olu3og/whats_a_movie_quote_youve_used_in_a_completely/,
1olu3em,2025-11-01T17:45:41+00:00,AskReddit,archtech88,"What's the non-english speaking countries' equivalent of telling your kids ""It's spicy, you won't like it""?",0,1,https://www.reddit.com/r/AskReddit/comments/1olu3em/whats_the_nonenglish_speaking_countries/,
1olu3d3,2025-11-01T17:45:38+00:00,AskReddit,redcubes,What movies were better than the book? [Serious],1,3,https://www.reddit.com/r/AskReddit/comments/1olu3d3/what_movies_were_better_than_the_book_serious/,
1olu27u,2025-11-01T17:44:21+00:00,AskReddit,Actual-Victory4133,What is the best way to make new friends?,3,8,https://www.reddit.com/r/AskReddit/comments/1olu27u/what_is_the_best_way_to_make_new_friends/,
1olu243,2025-11-01T17:44:15+00:00,AskReddit,Infinite_Resident528,What food tastes good when stale?,1,7,https://www.reddit.com/r/AskReddit/comments/1olu243/what_food_tastes_good_when_stale/,
1olu1sg,2025-11-01T17:43:51+00:00,AskReddit,flood9_,What are you wasting half your time on?,3,10,https://www.reddit.com/r/AskReddit/comments/1olu1sg/what_are_you_wasting_half_your_time_on/,
1olu1rr,2025-11-01T17:43:50+00:00,AskReddit,whatinpaperclipchaos,Redditors who started dating as an adult for the first time and the ones who were their firsts: What are some relationship issues / roadblocks in romantic relationships with one inexperienced partner and the other experienced?,1,0,https://www.reddit.com/r/AskReddit/comments/1olu1rr/redditors_who_started_dating_as_an_adult_for_the/,
1olu1q5,2025-11-01T17:43:47+00:00,AskReddit,Parking-Dragonfly-11,What are some hacks that you learned working a corporate job?,1,2,https://www.reddit.com/r/AskReddit/comments/1olu1q5/what_are_some_hacks_that_you_learned_working_a/,
1olu15m,2025-11-01T17:43:07+00:00,AskReddit,Fun_Ocelot_9543,"If you could erase one movie from your memory just to watch it again for the first time, which one would it be?",0,7,https://www.reddit.com/r/AskReddit/comments/1olu15m/if_you_could_erase_one_movie_from_your_memory/,
1olu0i5,2025-11-01T17:42:25+00:00,AskReddit,67Labubus,What would you do if the Swifties were at war against the BTS Army?,1,6,https://www.reddit.com/r/AskReddit/comments/1olu0i5/what_would_you_do_if_the_swifties_were_at_war/,
1oltz52,2025-11-01T17:40:55+00:00,AskReddit,CuriousPin2615,How do you prefer your coffee and how much do you drink in a day?,4,51,https://www.reddit.com/r/AskReddit/comments/1oltz52/how_do_you_prefer_your_coffee_and_how_much_do_you/,
1oltyvx,2025-11-01T17:40:39+00:00,AskReddit,Ok_Tomorrow9348,What’s the worst possible name for a pet?,1,8,https://www.reddit.com/r/AskReddit/comments/1oltyvx/whats_the_worst_possible_name_for_a_pet/,
1oltymw,2025-11-01T17:40:23+00:00,AskReddit,whiteppldidit,What’s your closest brush with real evil?,1,8,https://www.reddit.com/r/AskReddit/comments/1oltymw/whats_your_closest_brush_with_real_evil/,
1oltxzh,2025-11-01T17:39:41+00:00,AskReddit,Pleasant-Pace-5599,What are you looking forward to?,2,6,https://www.reddit.com/r/AskReddit/comments/1oltxzh/what_are_you_looking_forward_to/,
1oltxsm,2025-11-01T17:39:28+00:00,AskReddit,SophieLee_Reddit,What's something your partner does that you let slide because they're awesome at everything else?,1,3,https://www.reddit.com/r/AskReddit/comments/1oltxsm/whats_something_your_partner_does_that_you_let/,
1oltxpk,2025-11-01T17:39:22+00:00,AskReddit,JohnDoe0073,What should your life have been by the time you get tired of living with your parents?,1,1,https://www.reddit.com/r/AskReddit/comments/1oltxpk/what_should_your_life_have_been_by_the_time_you/,
1oltx95,2025-11-01T17:38:51+00:00,AskReddit,sambooka,How do you think Trump will retaliate if Canada wins the World Series again?,0,4,https://www.reddit.com/r/AskReddit/comments/1oltx95/how_do_you_think_trump_will_retaliate_if_canada/,
1oltx6x,2025-11-01T17:38:46+00:00,AskReddit,Mrpug031,What’s was the number of trick or treaters did you see last night?,1,5,https://www.reddit.com/r/AskReddit/comments/1oltx6x/whats_was_the_number_of_trick_or_treaters_did_you/,
1oltwmt,2025-11-01T17:38:07+00:00,AskReddit,waddad27,What is the biggest personality difference between people who live in Canada and the USA?,2,7,https://www.reddit.com/r/AskReddit/comments/1oltwmt/what_is_the_biggest_personality_difference/,
1oltwln,2025-11-01T17:38:05+00:00,AskReddit,ApatheiaVeritas,"When your lifetime is just a blink within eternity, how can this particular moment be the one in which you’re alive?",1,2,https://www.reddit.com/r/AskReddit/comments/1oltwln/when_your_lifetime_is_just_a_blink_within/,
1oltwds,2025-11-01T17:37:49+00:00,AskReddit,Double_Preparation1,What is a common myth about your country that is 100% false but people still believe in it?,2,8,https://www.reddit.com/r/AskReddit/comments/1oltwds/what_is_a_common_myth_about_your_country_that_is/,
1oltwc0,2025-11-01T17:37:45+00:00,AskReddit,Repulsive-Weekend341,What would your 3 wishes be?,1,5,https://www.reddit.com/r/AskReddit/comments/1oltwc0/what_would_your_3_wishes_be/,
1oltv3p,2025-11-01T17:36:20+00:00,AskReddit,Embarrassed_Key_214,What is your opinion on straight men reading romance books?,0,14,https://www.reddit.com/r/AskReddit/comments/1oltv3p/what_is_your_opinion_on_straight_men_reading/,
1oltv1m,2025-11-01T17:36:16+00:00,AskReddit,2a_lib,"Americans of Reddit who voted for Trump, how do you feel about your decision?",0,0,https://www.reddit.com/r/AskReddit/comments/1oltv1m/americans_of_reddit_who_voted_for_trump_how_do/,
1oltv11,2025-11-01T17:36:15+00:00,AskReddit,Fun-Philosopher671,What is the difference between “love you” and “I love you”?,2,9,https://www.reddit.com/r/AskReddit/comments/1oltv11/what_is_the_difference_between_love_you_and_i/,
1oltue8,2025-11-01T17:35:31+00:00,AskReddit,Express_Cloud2981,What was your first car?,2,11,https://www.reddit.com/r/AskReddit/comments/1oltue8/what_was_your_first_car/,
1oltubu,2025-11-01T17:35:28+00:00,AskReddit,parisuii,Whats a song thats changed or impacted you in a way after listening?,1,2,https://www.reddit.com/r/AskReddit/comments/1oltubu/whats_a_song_thats_changed_or_impacted_you_in_a/,
1oltuan,2025-11-01T17:35:25+00:00,AskReddit,Dallabarks,Anyone here from Aakash/Allen/PW who couldn't clear NEET? What are you guys up to these days?,1,0,https://www.reddit.com/r/AskReddit/comments/1oltuan/anyone_here_from_aakashallenpw_who_couldnt_clear/,
1olttm5,2025-11-01T17:34:41+00:00,AskReddit,Former_Mud4307,What was the most wrong thing youve done in your life?,1,2,https://www.reddit.com/r/AskReddit/comments/1olttm5/what_was_the_most_wrong_thing_youve_done_in_your/,
1oltt5l,2025-11-01T17:34:10+00:00,AskReddit,funfanfunsun,What places have you peed as a woman that weren't a bathroom?,3,4,https://www.reddit.com/r/AskReddit/comments/1oltt5l/what_places_have_you_peed_as_a_woman_that_werent/,
1oltt0v,2025-11-01T17:34:01+00:00,AskReddit,Competitive-Duck3908,What would you do if right now an alien invasion happened and burned the place you’re currently on?,0,4,https://www.reddit.com/r/AskReddit/comments/1oltt0v/what_would_you_do_if_right_now_an_alien_invasion/,
1oltspy,2025-11-01T17:33:41+00:00,AskReddit,funfanfunsun,What do you think of pee fetish as a woman?,0,8,https://www.reddit.com/r/AskReddit/comments/1oltspy/what_do_you_think_of_pee_fetish_as_a_woman/,
1oltsis,2025-11-01T17:33:27+00:00,AskReddit,ProfessionalPost3104,How related is very few Halloween decorations as a recession indicator?,2,2,https://www.reddit.com/r/AskReddit/comments/1oltsis/how_related_is_very_few_halloween_decorations_as/,
1oltr8g,2025-11-01T17:31:58+00:00,AskReddit,123dbdgbd,Where did you learn english? and how did you learn english?,2,11,https://www.reddit.com/r/AskReddit/comments/1oltr8g/where_did_you_learn_english_and_how_did_you_learn/,
1oltr1g,2025-11-01T17:31:46+00:00,AskReddit,NoTree6197,What room do you occupy the least in your house and why?,2,6,https://www.reddit.com/r/AskReddit/comments/1oltr1g/what_room_do_you_occupy_the_least_in_your_house/,
1oltp1u,2025-11-01T17:29:37+00:00,AskReddit,Unlimited_Man,What are you looking forward to most about 2026?,0,8,https://www.reddit.com/r/AskReddit/comments/1oltp1u/what_are_you_looking_forward_to_most_about_2026/,
1oltos8,2025-11-01T17:29:20+00:00,AskReddit,JuliaAngle,"what's something you didn't know was weird about your family until you mentioned it to someone and they looked genuinely horrified, like super horrified?",0,2,https://www.reddit.com/r/AskReddit/comments/1oltos8/whats_something_you_didnt_know_was_weird_about/,
1olto3k,2025-11-01T17:28:33+00:00,AskReddit,Loner4Life234,"Question for people who dated someone who has a fearful avoidant attachment style, how did it go?",2,2,https://www.reddit.com/r/AskReddit/comments/1olto3k/question_for_people_who_dated_someone_who_has_a/,
1oltnw5,2025-11-01T17:28:19+00:00,AskReddit,Dense-Ad-3966,If you could ask God one question and get a guaranteed answer—but the answer would be broadcasted to the entire world—would you still ask? Why or why not?,1,5,https://www.reddit.com/r/AskReddit/comments/1oltnw5/if_you_could_ask_god_one_question_and_get_a/,
1oltntn,2025-11-01T17:28:14+00:00,AskReddit,Lopsided_Counter1670,What's a great personality trait?,3,5,https://www.reddit.com/r/AskReddit/comments/1oltntn/whats_a_great_personality_trait/,
1oltncc,2025-11-01T17:27:41+00:00,AskReddit,123dbdgbd,What good crocodile movies do you know?,1,14,https://www.reddit.com/r/AskReddit/comments/1oltncc/what_good_crocodile_movies_do_you_know/,
1oltmyq,2025-11-01T17:27:16+00:00,AskReddit,jeremysbrain,"What is the self-life on a bag of candy? If someone buys bags of clearance candy today, will they still be good to give out next Halloween?",1,4,https://www.reddit.com/r/AskReddit/comments/1oltmyq/what_is_the_selflife_on_a_bag_of_candy_if_someone/,
1oltmf3,2025-11-01T17:26:38+00:00,AskReddit,MeHavQuestion,What everyday problems do you wish a product could fix?,2,7,https://www.reddit.com/r/AskReddit/comments/1oltmf3/what_everyday_problems_do_you_wish_a_product/,
1oltksq,2025-11-01T17:24:52+00:00,AskReddit,Quick1711,What does being a father mean to you personally?,2,6,https://www.reddit.com/r/AskReddit/comments/1oltksq/what_does_being_a_father_mean_to_you_personally/,
1oltkng,2025-11-01T17:24:44+00:00,AskReddit,Not_Katya_and_Trixie,"Men, would you date a virgin woman? How would you comfort her about insecurities?",0,7,https://www.reddit.com/r/AskReddit/comments/1oltkng/men_would_you_date_a_virgin_woman_how_would_you/,
1oltk5l,2025-11-01T17:24:12+00:00,AskReddit,Eastern_Letter_673,"If you won the lottery, who would know about it?",1,21,https://www.reddit.com/r/AskReddit/comments/1oltk5l/if_you_won_the_lottery_who_would_know_about_it/,
1oltjgv,2025-11-01T17:23:27+00:00,AskReddit,tallcree,What's your comfort show?,5,29,https://www.reddit.com/r/AskReddit/comments/1oltjgv/whats_your_comfort_show/,
1oltj8p,2025-11-01T17:23:13+00:00,AskReddit,Traditional-Toe6379,What’s the best way to approach someone in public?,2,4,https://www.reddit.com/r/AskReddit/comments/1oltj8p/whats_the_best_way_to_approach_someone_in_public/,
1oltiza,2025-11-01T17:22:57+00:00,AskReddit,Ok-Carry-7759,What is your favorite christmas movie ?,3,31,https://www.reddit.com/r/AskReddit/comments/1oltiza/what_is_your_favorite_christmas_movie/,
1oltiyp,2025-11-01T17:22:56+00:00,AskReddit,CnCorange,What's the greatest disappointment you've ever experienced from a TV show?,1,1,https://www.reddit.com/r/AskReddit/comments/1oltiyp/whats_the_greatest_disappointment_youve_ever/,
1oltim9,2025-11-01T17:22:32+00:00,AskReddit,extraordinarybhakt,How did you manage to rise over your insecurities ?,1,10,https://www.reddit.com/r/AskReddit/comments/1oltim9/how_did_you_manage_to_rise_over_your_insecurities/,
1olti6b,2025-11-01T17:22:05+00:00,AskReddit,PostersAreHuman,When someone says 'Asia' what part of the continent do you first picture?,1,8,https://www.reddit.com/r/AskReddit/comments/1olti6b/when_someone_says_asia_what_part_of_the_continent/,
1olti42,2025-11-01T17:22:02+00:00,AskReddit,Critical-Volume2360,What would America be like if monster trucks were street legal?,0,3,https://www.reddit.com/r/AskReddit/comments/1olti42/what_would_america_be_like_if_monster_trucks_were/,
1olthwb,2025-11-01T17:21:47+00:00,AskReddit,Not_Katya_and_Trixie,"Men, would you date a virgin woman? How would you comfort her about any insecurities?",0,4,https://www.reddit.com/r/AskReddit/comments/1olthwb/men_would_you_date_a_virgin_woman_how_would_you/,
1olthsq,2025-11-01T17:21:40+00:00,AskReddit,throwawaybomboclat,What sentence has never been said before?,0,3,https://www.reddit.com/r/AskReddit/comments/1olthsq/what_sentence_has_never_been_said_before/,
1oltgqp,2025-11-01T17:20:30+00:00,AskReddit,firedog7881,If you voted for Trump have you finally realized he was blowing smoke up your ass the whole time?,0,11,https://www.reddit.com/r/AskReddit/comments/1oltgqp/if_you_voted_for_trump_have_you_finally_realized/,
1oltgo3,2025-11-01T17:20:25+00:00,AskReddit,Ok_Alternative3973,What's one thing you own that's very precious to you?,1,4,https://www.reddit.com/r/AskReddit/comments/1oltgo3/whats_one_thing_you_own_thats_very_precious_to_you/,
1oltggg,2025-11-01T17:20:11+00:00,AskReddit,Exact-Bar-7760,What’s a decision you made thinking ‘just this once’ — and it ended up changing your life forever?,2,3,https://www.reddit.com/r/AskReddit/comments/1oltggg/whats_a_decision_you_made_thinking_just_this_once/,
1oltgcz,2025-11-01T17:20:05+00:00,AskReddit,Secure-Action-6361,What sport do you train for and what is the most difficult thing about training for it?,1,0,https://www.reddit.com/r/AskReddit/comments/1oltgcz/what_sport_do_you_train_for_and_what_is_the_most/,
1oltg60,2025-11-01T17:19:53+00:00,AskReddit,Legitimate_Trash_529,What's the most ridiculously petty thing you've ended a friendship over?,1,3,https://www.reddit.com/r/AskReddit/comments/1oltg60/whats_the_most_ridiculously_petty_thing_youve/,
1oltg18,2025-11-01T17:19:45+00:00,AskReddit,womanofgodmilena,What's an insecurity you had that faded away with age?,1,1,https://www.reddit.com/r/AskReddit/comments/1oltg18/whats_an_insecurity_you_had_that_faded_away_with/,
1oltfi0,2025-11-01T17:19:10+00:00,AskReddit,Abhiiiii107,What's your take on India as a foreigner?,1,9,https://www.reddit.com/r/AskReddit/comments/1oltfi0/whats_your_take_on_india_as_a_foreigner/,
1oltfap,2025-11-01T17:18:56+00:00,AskReddit,Secure-Action-6361,"iPhone or Android, and why?",1,6,https://www.reddit.com/r/AskReddit/comments/1oltfap/iphone_or_android_and_why/,
1olter8,2025-11-01T17:18:22+00:00,AskReddit,Exact-Bar-7760,"If everyone had to relive one day of their life forever, which day would you choose why?",1,5,https://www.reddit.com/r/AskReddit/comments/1olter8/if_everyone_had_to_relive_one_day_of_their_life/,
1olten1,2025-11-01T17:18:15+00:00,AskReddit,TechnicianCurrent351,"What about this? Democrats re-register as Republican voters, and choose a terrible candidate in the primary, so they lose the 2026 general election?",0,12,https://www.reddit.com/r/AskReddit/comments/1olten1/what_about_this_democrats_reregister_as/,
1oltduq,2025-11-01T17:17:23+00:00,AskReddit,ivebeenthrushit,What's the biggest and longest disagreement you've had with you and your parents?,2,4,https://www.reddit.com/r/AskReddit/comments/1oltduq/whats_the_biggest_and_longest_disagreement_youve/,
1oltdte,2025-11-01T17:17:21+00:00,AskReddit,laroosss,"Are we alone in the universe,and if not, what are they thinking about us right now?",5,12,https://www.reddit.com/r/AskReddit/comments/1oltdte/are_we_alone_in_the_universeand_if_not_what_are/,
1oltdh6,2025-11-01T17:16:55+00:00,AskReddit,Connect_Location2611,What’s the  best suggestion for “wife cheating” genre movie?,1,2,https://www.reddit.com/r/AskReddit/comments/1oltdh6/whats_the_best_suggestion_for_wife_cheating_genre/,
1oltde2,2025-11-01T17:16:50+00:00,AskReddit,joel_2025,How happy are you?,2,8,https://www.reddit.com/r/AskReddit/comments/1oltde2/how_happy_are_you/,
1oltda1,2025-11-01T17:16:43+00:00,AskReddit,Pleasant-Pace-5599,Do you have a partner you don't want to share your finances with? Why?,1,2,https://www.reddit.com/r/AskReddit/comments/1oltda1/do_you_have_a_partner_you_dont_want_to_share_your/,
1oltcf3,2025-11-01T17:15:46+00:00,AskReddit,Not_Katya_and_Trixie,"Men, what do you think about dating a virgin woman? How would you comfort her about insecurities?",0,1,https://www.reddit.com/r/AskReddit/comments/1oltcf3/men_what_do_you_think_about_dating_a_virgin_woman/,
1oltcaj,2025-11-01T17:15:38+00:00,AskReddit,Western_Attention714,What's your largest purchase regret and why?,1,1,https://www.reddit.com/r/AskReddit/comments/1oltcaj/whats_your_largest_purchase_regret_and_why/,
1oltc4e,2025-11-01T17:15:28+00:00,AskReddit,SonOfQuora,What positive is there to take from prices increasing so much on food or is it all doom and gloom?,1,2,https://www.reddit.com/r/AskReddit/comments/1oltc4e/what_positive_is_there_to_take_from_prices/,
1oltbad,2025-11-01T17:14:31+00:00,AskReddit,immovableair,What’s your best idea for a book or movie?,0,5,https://www.reddit.com/r/AskReddit/comments/1oltbad/whats_your_best_idea_for_a_book_or_movie/,
1oltb9x,2025-11-01T17:14:30+00:00,AskReddit,Not_Katya_and_Trixie,"Men, what do you think about dating a virgin woman? How would you comfort her about any insecurities?",0,3,https://www.reddit.com/r/AskReddit/comments/1oltb9x/men_what_do_you_think_about_dating_a_virgin_woman/,
1oltb67,2025-11-01T17:14:23+00:00,AskReddit,Ayush8890,What do you do when your penis erects in public place and you don't have any place to hide?,1,9,https://www.reddit.com/r/AskReddit/comments/1oltb67/what_do_you_do_when_your_penis_erects_in_public/,
1oltb1o,2025-11-01T17:14:15+00:00,AskReddit,immovableair,How do you change the way you perceive the world?,1,5,https://www.reddit.com/r/AskReddit/comments/1oltb1o/how_do_you_change_the_way_you_perceive_the_world/,
1oltb0h,2025-11-01T17:14:13+00:00,AskReddit,Tricky_Rutabaga_8070,What is a habit every person should practice?,1,4,https://www.reddit.com/r/AskReddit/comments/1oltb0h/what_is_a_habit_every_person_should_practice/,
1oltaua,2025-11-01T17:14:01+00:00,AskReddit,cats64sonic,What’s a piece of fan content fan art fan game fanfic etc. that you think rivals the original?,1,1,https://www.reddit.com/r/AskReddit/comments/1oltaua/whats_a_piece_of_fan_content_fan_art_fan_game/,
1olt9nm,2025-11-01T17:12:44+00:00,AskReddit,wastingparty,what’s one science-related thing you’ve learned that made your everyday life better or easier?,1,1,https://www.reddit.com/r/AskReddit/comments/1olt9nm/whats_one_sciencerelated_thing_youve_learned_that/,
1olt9hf,2025-11-01T17:12:34+00:00,AskReddit,That_Contribution379,What’s something you realized way too late in life that everyone else knew already?,1,5,https://www.reddit.com/r/AskReddit/comments/1olt9hf/whats_something_you_realized_way_too_late_in_life/,
1olt8s8,2025-11-01T17:11:45+00:00,AskReddit,FrugalPlatypusNinja,"With all the anti-immigrant sentiment in America now, what are some crazy stories you have of Americans abroad that were examples of horrible immigrants?",0,2,https://www.reddit.com/r/AskReddit/comments/1olt8s8/with_all_the_antiimmigrant_sentiment_in_america/,
1olt8mp,2025-11-01T17:11:35+00:00,AskReddit,Recent_Hold2280,What’s a universal human experience that still confuses you?,0,7,https://www.reddit.com/r/AskReddit/comments/1olt8mp/whats_a_universal_human_experience_that_still/,
1olt7hx,2025-11-01T17:10:21+00:00,AskReddit,parisuii,Whats the worst combination of people to get trapped in a room with?,5,39,https://www.reddit.com/r/AskReddit/comments/1olt7hx/whats_the_worst_combination_of_people_to_get/,
1olt6wk,2025-11-01T17:09:40+00:00,AskReddit,ProfessionalDream305,When You Flunk a Civic Course Would You be Considered Uncivil?,0,4,https://www.reddit.com/r/AskReddit/comments/1olt6wk/when_you_flunk_a_civic_course_would_you_be/,
1olt6gf,2025-11-01T17:09:08+00:00,AskReddit,Not_Katya_and_Trixie,"Men, what’s your opinion on dating a girl who is a virgin? And how would you deal with her insecurities?",0,7,https://www.reddit.com/r/AskReddit/comments/1olt6gf/men_whats_your_opinion_on_dating_a_girl_who_is_a/,
1olt644,2025-11-01T17:08:46+00:00,AskReddit,Deep-Sheepherder4409,Ladies what will be your reaction if you got to know that your boyfriend/husband jerkoff to another women?,0,38,https://www.reddit.com/r/AskReddit/comments/1olt644/ladies_what_will_be_your_reaction_if_you_got_to/,
1olt5yf,2025-11-01T17:08:36+00:00,AskReddit,Hotideo,What are some life's taboos that you think should be allowed and to be acceptable?,0,2,https://www.reddit.com/r/AskReddit/comments/1olt5yf/what_are_some_lifes_taboos_that_you_think_should/,
1olt5m2,2025-11-01T17:08:11+00:00,AskReddit,Unlikely_West_4190,"Women, flowers or chocolates, and why?",0,3,https://www.reddit.com/r/AskReddit/comments/1olt5m2/women_flowers_or_chocolates_and_why/,
1olt57g,2025-11-01T17:07:42+00:00,AskReddit,CanadiangirlEH,What was the most creative Halloween costume you saw last night?,1,3,https://www.reddit.com/r/AskReddit/comments/1olt57g/what_was_the_most_creative_halloween_costume_you/,
1olt573,2025-11-01T17:07:42+00:00,AskReddit,Unlikely_West_4190,"You are the president of your country, what is the first thing you would do?",1,7,https://www.reddit.com/r/AskReddit/comments/1olt573/you_are_the_president_of_your_country_what_is_the/,
1olt4b4,2025-11-01T17:06:40+00:00,AskReddit,CosmopolitanGuy,What's the most delicious thing you can only eat ONCE?,4,9,https://www.reddit.com/r/AskReddit/comments/1olt4b4/whats_the_most_delicious_thing_you_can_only_eat/,
1olt44g,2025-11-01T17:06:27+00:00,AskReddit,MinimumPermit5967,How do you tell Jehovah's Witnesses to leave you alone without being mean to them?,0,18,https://www.reddit.com/r/AskReddit/comments/1olt44g/how_do_you_tell_jehovahs_witnesses_to_leave_you/,
1olt3ts,2025-11-01T17:06:10+00:00,AskReddit,Zestyclose-Fly7293,What’s the one thing that keeps you living?,0,10,https://www.reddit.com/r/AskReddit/comments/1olt3ts/whats_the_one_thing_that_keeps_you_living/,
1olt2t5,2025-11-01T17:05:02+00:00,AskReddit,immovableair,What’s your biggest insecurity?,0,7,https://www.reddit.com/r/AskReddit/comments/1olt2t5/whats_your_biggest_insecurity/,
1olt2ie,2025-11-01T17:04:42+00:00,AskReddit,Zestyclose-Fly7293,What’s the best sitcom ever?,2,21,https://www.reddit.com/r/AskReddit/comments/1olt2ie/whats_the_best_sitcom_ever/,
1olt2by,2025-11-01T17:04:29+00:00,AskReddit,Exact-Bar-7760,What’s something that sounds harmless but can ruin your life if ignored?,0,10,https://www.reddit.com/r/AskReddit/comments/1olt2by/whats_something_that_sounds_harmless_but_can_ruin/,
1olt1zc,2025-11-01T17:04:05+00:00,AskReddit,immovableair,Why did you ghost them?,1,4,https://www.reddit.com/r/AskReddit/comments/1olt1zc/why_did_you_ghost_them/,
1olt1un,2025-11-01T17:03:57+00:00,AskReddit,amateur_guitarist_69,What is something you see on social media that you think is a propaganda (but can't prove it)?,0,3,https://www.reddit.com/r/AskReddit/comments/1olt1un/what_is_something_you_see_on_social_media_that/,
1olt1t4,2025-11-01T17:03:54+00:00,AskReddit,immovableair,When did you realize your parent was a bum/ bad person?,0,0,https://www.reddit.com/r/AskReddit/comments/1olt1t4/when_did_you_realize_your_parent_was_a_bum_bad/,
1olt1cw,2025-11-01T17:03:22+00:00,AskReddit,That_Contribution379,What would you do if you woke up today as Joe Biden?,0,14,https://www.reddit.com/r/AskReddit/comments/1olt1cw/what_would_you_do_if_you_woke_up_today_as_joe/,
1olt18a,2025-11-01T17:03:13+00:00,AskReddit,FotizxRaidd,"What's some funny little quotes to use in a ""happy birthday"" card?",0,1,https://www.reddit.com/r/AskReddit/comments/1olt18a/whats_some_funny_little_quotes_to_use_in_a_happy/,
1olszv4,2025-11-01T17:01:42+00:00,AskReddit,Pleasant-Pace-5599,What do you think happens if your employer finds your account?,0,3,https://www.reddit.com/r/AskReddit/comments/1olszv4/what_do_you_think_happens_if_your_employer_finds/,
1olsz18,2025-11-01T17:00:49+00:00,AskReddit,whiterabbit161,Which organisations can you donate from abroad to support missing SNAP funds?,1,0,https://www.reddit.com/r/AskReddit/comments/1olsz18/which_organisations_can_you_donate_from_abroad_to/,
1olsyox,2025-11-01T17:00:28+00:00,AskReddit,JuryPractical4165,What is the best country to lazy around with minimum wage and no ambition on career but have much freedom to enjoy your life?,0,3,https://www.reddit.com/r/AskReddit/comments/1olsyox/what_is_the_best_country_to_lazy_around_with/,
1olsym4,2025-11-01T17:00:23+00:00,AskReddit,LittleWarmer,"If you entered a mysterious building and took the elevator up… when the doors opened, what did you see?",0,4,https://www.reddit.com/r/AskReddit/comments/1olsym4/if_you_entered_a_mysterious_building_and_took_the/,
1olsygx,2025-11-01T17:00:13+00:00,AskReddit,LowProperty3175,What is your favorite animal and why?,1,4,https://www.reddit.com/r/AskReddit/comments/1olsygx/what_is_your_favorite_animal_and_why/,
1olsyeq,2025-11-01T17:00:10+00:00,AskReddit,DPegwinWolf_,What are some naked stories you have?,0,29,https://www.reddit.com/r/AskReddit/comments/1olsyeq/what_are_some_naked_stories_you_have/,
1olsy45,2025-11-01T16:59:51+00:00,AskReddit,tallcree,"If you had a dog, what's it name?",0,11,https://www.reddit.com/r/AskReddit/comments/1olsy45/if_you_had_a_dog_whats_it_name/,
1olsy09,2025-11-01T16:59:43+00:00,AskReddit,LowProperty3175,"You're hungry and you're out on the street, what's the first thing you buy to satisfy your hunger?",0,3,https://www.reddit.com/r/AskReddit/comments/1olsy09/youre_hungry_and_youre_out_on_the_street_whats/,
1olsxte,2025-11-01T16:59:32+00:00,AskReddit,Not_Katya_and_Trixie,What to men think of girls who are artistic (making all kinds of artistic things from models to paintings to poetry and preforming arts) coming from one?,0,10,https://www.reddit.com/r/AskReddit/comments/1olsxte/what_to_men_think_of_girls_who_are_artistic/,
1olsv4x,2025-11-01T16:56:26+00:00,AskReddit,T-swiftsButthole,What’s your go to poverty meal?,48,267,https://www.reddit.com/r/AskReddit/comments/1olsv4x/whats_your_go_to_poverty_meal/,
1olsusb,2025-11-01T16:56:04+00:00,AskReddit,CosyRainyDaze,What is the current rate of imprisonment for stealing food in the USA? [serious],0,5,https://www.reddit.com/r/AskReddit/comments/1olsusb/what_is_the_current_rate_of_imprisonment_for/,
1olsub4,2025-11-01T16:55:33+00:00,AskReddit,CA_Mini,"In our city, trick or treaters have stopped coming and only go to one wealthy neighborhood, what's it like for you?",1,7,https://www.reddit.com/r/AskReddit/comments/1olsub4/in_our_city_trick_or_treaters_have_stopped_coming/,
1olsu6v,2025-11-01T16:55:25+00:00,AskReddit,Famous_Garlic_8081,How do you think about eating in bed?,2,22,https://www.reddit.com/r/AskReddit/comments/1olsu6v/how_do_you_think_about_eating_in_bed/,
1olsu2k,2025-11-01T16:55:17+00:00,AskReddit,Hotideo,What is something that you were doing wrong for a long period until someone pointed out to you the right way?,2,3,https://www.reddit.com/r/AskReddit/comments/1olsu2k/what_is_something_that_you_were_doing_wrong_for_a/,
1olstyq,2025-11-01T16:55:11+00:00,AskReddit,DescriptionDue1797,When did someone you know actually hookup with their “celebrity free pass”?,0,1,https://www.reddit.com/r/AskReddit/comments/1olstyq/when_did_someone_you_know_actually_hookup_with/,
1olstaw,2025-11-01T16:54:29+00:00,AskReddit,Rose_Blossom777,What is the best memory you have with your worst family member?,2,6,https://www.reddit.com/r/AskReddit/comments/1olstaw/what_is_the_best_memory_you_have_with_your_worst/,
1olsssg,2025-11-01T16:53:55+00:00,AskReddit,funfanfunsun,What would you rather do as a woman if you had to be bottomless or topless all the time and why?,0,4,https://www.reddit.com/r/AskReddit/comments/1olsssg/what_would_you_rather_do_as_a_woman_if_you_had_to/,
1olsrwx,2025-11-01T16:52:55+00:00,AskReddit,as0909,what car does performative men drive ?,1,5,https://www.reddit.com/r/AskReddit/comments/1olsrwx/what_car_does_performative_men_drive/,
1olsrjo,2025-11-01T16:52:30+00:00,AskReddit,Prudent_Heron758,Who is the best video game villain?,1,13,https://www.reddit.com/r/AskReddit/comments/1olsrjo/who_is_the_best_video_game_villain/,
1olsrip,2025-11-01T16:52:28+00:00,AskReddit,finnekg,What do you think of Jesus? Love him or Hate Him? Why?,0,23,https://www.reddit.com/r/AskReddit/comments/1olsrip/what_do_you_think_of_jesus_love_him_or_hate_him/,
1olsrgf,2025-11-01T16:52:24+00:00,AskReddit,Rose_Blossom777,What is the most grotesque thread you've ever found on Reddit?,0,1,https://www.reddit.com/r/AskReddit/comments/1olsrgf/what_is_the_most_grotesque_thread_youve_ever/,
1olsr7k,2025-11-01T16:52:06+00:00,AskReddit,Prudent_Heron758,Which video game character would you be and why?,1,1,https://www.reddit.com/r/AskReddit/comments/1olsr7k/which_video_game_character_would_you_be_and_why/,
1olsqob,2025-11-01T16:51:29+00:00,AskReddit,poggyguy11111,What do you think about hoi4?,0,4,https://www.reddit.com/r/AskReddit/comments/1olsqob/what_do_you_think_about_hoi4/,
1olsqo4,2025-11-01T16:51:29+00:00,AskReddit,4bstractals,[Serious] When was the first or most unexpected time you caught your significant other casually drop an enormous lie?,0,2,https://www.reddit.com/r/AskReddit/comments/1olsqo4/serious_when_was_the_first_or_most_unexpected/,
1olsqb5,2025-11-01T16:51:04+00:00,AskReddit,Individual-Bed-7708,"What do you think about the administration literally blowing up supposed ""drug boats""?",0,6,https://www.reddit.com/r/AskReddit/comments/1olsqb5/what_do_you_think_about_the_administration/,
1olspqi,2025-11-01T16:50:26+00:00,AskReddit,Not_Katya_and_Trixie,"Men, what are your opinions on dating a pregnant woman?",0,32,https://www.reddit.com/r/AskReddit/comments/1olspqi/men_what_are_your_opinions_on_dating_a_pregnant/,
1olsp7b,2025-11-01T16:49:50+00:00,AskReddit,bunghole93,What are you afraid of most?,1,7,https://www.reddit.com/r/AskReddit/comments/1olsp7b/what_are_you_afraid_of_most/,
1olsozh,2025-11-01T16:49:36+00:00,AskReddit,Trouble93874,What’s the weirdest thing that ever happened to you that you still don’t have an explanation for?,0,2,https://www.reddit.com/r/AskReddit/comments/1olsozh/whats_the_weirdest_thing_that_ever_happened_to/,
1olsnl7,2025-11-01T16:48:04+00:00,AskReddit,mix_master_matt,What hobby is the most ruined by posers?,0,15,https://www.reddit.com/r/AskReddit/comments/1olsnl7/what_hobby_is_the_most_ruined_by_posers/,
1olsmd6,2025-11-01T16:46:41+00:00,AskReddit,Feisty-Whole6637,"If you could change one specific thing about your teenage years, what would it be?",0,6,https://www.reddit.com/r/AskReddit/comments/1olsmd6/if_you_could_change_one_specific_thing_about_your/,
1olslel,2025-11-01T16:45:37+00:00,AskReddit,Feisty-Whole6637,What is your number one suggestion for looking younger?,1,13,https://www.reddit.com/r/AskReddit/comments/1olslel/what_is_your_number_one_suggestion_for_looking/,
1olsla2,2025-11-01T16:45:30+00:00,AskReddit,Least-Passenger-1641,What could ruin a romantic night with your partner?,0,6,https://www.reddit.com/r/AskReddit/comments/1olsla2/what_could_ruin_a_romantic_night_with_your_partner/,
1olskq1,2025-11-01T16:44:55+00:00,AskReddit,Realistic-Diet6626,"Do you know any straight man who had gay sex for free, despite knowing he wouldn't have liked it? What's his story?",0,5,https://www.reddit.com/r/AskReddit/comments/1olskq1/do_you_know_any_straight_man_who_had_gay_sex_for/,
1olskji,2025-11-01T16:44:41+00:00,AskReddit,Least-Passenger-1641,"You train constantly; if you don't, what's stopping you?",0,6,https://www.reddit.com/r/AskReddit/comments/1olskji/you_train_constantly_if_you_dont_whats_stopping/,
1olsk88,2025-11-01T16:44:20+00:00,AskReddit,Feisty-Whole6637,What is your favorite book currently?,3,11,https://www.reddit.com/r/AskReddit/comments/1olsk88/what_is_your_favorite_book_currently/,
1olsk1z,2025-11-01T16:44:11+00:00,AskReddit,algaebomb,What would be the motivation behind an inmate choosing death by firing squad as their means of execution over lethal injection?,0,11,https://www.reddit.com/r/AskReddit/comments/1olsk1z/what_would_be_the_motivation_behind_an_inmate/,
1olsjxc,2025-11-01T16:44:01+00:00,AskReddit,Outrageous-Rice8222,"Are you a cat person or a dog person, and why?",9,43,https://www.reddit.com/r/AskReddit/comments/1olsjxc/are_you_a_cat_person_or_a_dog_person_and_why/,
1olsjm5,2025-11-01T16:43:40+00:00,AskReddit,WitchBitchBrat,What’s the best way you’ve gotten over someone forbidden while being married?,0,1,https://www.reddit.com/r/AskReddit/comments/1olsjm5/whats_the_best_way_youve_gotten_over_someone/,
1olsjdo,2025-11-01T16:43:25+00:00,AskReddit,ManyInner,What/who was the biggest fumble of your life?,2,5,https://www.reddit.com/r/AskReddit/comments/1olsjdo/whatwho_was_the_biggest_fumble_of_your_life/,
1olsinj,2025-11-01T16:42:38+00:00,AskReddit,AdviceZestyclose8167,What is the average IQ of a Reddit user?,0,20,https://www.reddit.com/r/AskReddit/comments/1olsinj/what_is_the_average_iq_of_a_reddit_user/,
1olsik7,2025-11-01T16:42:32+00:00,AskReddit,tms88,"People who share a name with controversial people (murderers, rapists, criminals or even pornstars or politicians) how has it affected your life?",1,5,https://www.reddit.com/r/AskReddit/comments/1olsik7/people_who_share_a_name_with_controversial_people/,
1olshz2,2025-11-01T16:41:52+00:00,AskReddit,Icidal,"What could ""cure"" most of your problems?",28,107,https://www.reddit.com/r/AskReddit/comments/1olshz2/what_could_cure_most_of_your_problems/,
1olsheq,2025-11-01T16:41:15+00:00,AskReddit,Spotter24o5,How good can you see diferent colours and shades?,0,0,https://www.reddit.com/r/AskReddit/comments/1olsheq/how_good_can_you_see_diferent_colours_and_shades/,
1olsh3s,2025-11-01T16:40:56+00:00,AskReddit,Strict_Category2736,what is something you regret NOT saying when breaking up with someone?,2,6,https://www.reddit.com/r/AskReddit/comments/1olsh3s/what_is_something_you_regret_not_saying_when/,
1olsh2o,2025-11-01T16:40:55+00:00,AskReddit,Ok-Fondant2536,"If a single woman with no success in dating wants to have a baby, why doesn't she go to a sperm bank that gets the job done?",0,7,https://www.reddit.com/r/AskReddit/comments/1olsh2o/if_a_single_woman_with_no_success_in_dating_wants/,
1olsgsy,2025-11-01T16:40:38+00:00,AskReddit,Ozziella,Is love a feeling or an action? What do you think?,1,8,https://www.reddit.com/r/AskReddit/comments/1olsgsy/is_love_a_feeling_or_an_action_what_do_you_think/,
1olsg39,2025-11-01T16:39:54+00:00,AskReddit,i_meow_metal,what age did u find your partner and how?,6,26,https://www.reddit.com/r/AskReddit/comments/1olsg39/what_age_did_u_find_your_partner_and_how/,
1olsfu4,2025-11-01T16:39:36+00:00,AskReddit,immovableair,"What’s something dumb that the early humans did, that still affects our society today?",1,12,https://www.reddit.com/r/AskReddit/comments/1olsfu4/whats_something_dumb_that_the_early_humans_did/,
1olsf6k,2025-11-01T16:38:53+00:00,AskReddit,bk392,"If an ebike his your fully insured vehicle, what are possible recourses, especially if they are under 18 & not insured?",0,1,https://www.reddit.com/r/AskReddit/comments/1olsf6k/if_an_ebike_his_your_fully_insured_vehicle_what/,
1olsf59,2025-11-01T16:38:50+00:00,AskReddit,ichbinsttimmmm,What are you doing this weekend?,1,7,https://www.reddit.com/r/AskReddit/comments/1olsf59/what_are_you_doing_this_weekend/,
1olsdxv,2025-11-01T16:37:31+00:00,AskReddit,Your_lies_and_mine,What little habits or routines help you feel good about the way you look?,2,11,https://www.reddit.com/r/AskReddit/comments/1olsdxv/what_little_habits_or_routines_help_you_feel_good/,
1olscuy,2025-11-01T16:36:21+00:00,AskReddit,Theeonlystardust,What makes people not empathize for those on EBT ?,2,4,https://www.reddit.com/r/AskReddit/comments/1olscuy/what_makes_people_not_empathize_for_those_on_ebt/,
1olscs1,2025-11-01T16:36:17+00:00,AskReddit,SeriesJumpy509,What keeps you going no matter what obstacles happen in your life?,1,7,https://www.reddit.com/r/AskReddit/comments/1olscs1/what_keeps_you_going_no_matter_what_obstacles/,
1olscg4,2025-11-01T16:35:55+00:00,AskReddit,ButtPlugForPM,What is your most awkward moment?,1,4,https://www.reddit.com/r/AskReddit/comments/1olscg4/what_is_your_most_awkward_moment/,
1olsc17,2025-11-01T16:35:29+00:00,AskReddit,Jonas9rr,What is the greatest standalone tv episode you've ever seen?,1,7,https://www.reddit.com/r/AskReddit/comments/1olsc17/what_is_the_greatest_standalone_tv_episode_youve/,
1olsbsx,2025-11-01T16:35:14+00:00,AskReddit,NothingSpecial255,What makes those licorice plastic tubs common in middle class Americana?,0,1,https://www.reddit.com/r/AskReddit/comments/1olsbsx/what_makes_those_licorice_plastic_tubs_common_in/,
1olsbpw,2025-11-01T16:35:09+00:00,AskReddit,Used-Independence931,What is your biggest pet peeve?,1,4,https://www.reddit.com/r/AskReddit/comments/1olsbpw/what_is_your_biggest_pet_peeve/,
1olsbp1,2025-11-01T16:35:07+00:00,AskReddit,Distinct-Car-4452,What’s the funniest Halloween costumes you’ve seen this year?,0,1,https://www.reddit.com/r/AskReddit/comments/1olsbp1/whats_the_funniest_halloween_costumes_youve_seen/,
1olsbdd,2025-11-01T16:34:48+00:00,AskReddit,PaddywackShaq,What's your first instinct when you see yourself in the mirror?,0,5,https://www.reddit.com/r/AskReddit/comments/1olsbdd/whats_your_first_instinct_when_you_see_yourself/,
1olsay4,2025-11-01T16:34:21+00:00,AskReddit,Practical_Adviser4,What is the biggest red flag in any relationship?,1,9,https://www.reddit.com/r/AskReddit/comments/1olsay4/what_is_the_biggest_red_flag_in_any_relationship/,
1olsavv,2025-11-01T16:34:17+00:00,AskReddit,_iamsrb_,What’s the dumbest thing you’ve ever heard someone say?,3,21,https://www.reddit.com/r/AskReddit/comments/1olsavv/whats_the_dumbest_thing_youve_ever_heard_someone/,
1ols91v,2025-11-01T16:32:12+00:00,AskReddit,PriscillaCuisine,What are your experiences with the online store Bathify in Canada ?,1,3,https://www.reddit.com/r/AskReddit/comments/1ols91v/what_are_your_experiences_with_the_online_store/,
1ols8xa,2025-11-01T16:32:04+00:00,AskReddit,satori_dev,"Ask SatoriWyrzdek - Nobody desires will instead of desire which same is when they belong to different obstacle of nature point, rock is belonging to universe and religion is false. There is only two?",0,14,https://www.reddit.com/r/AskReddit/comments/1ols8xa/ask_satoriwyrzdek_nobody_desires_will_instead_of/,
1ols8ul,2025-11-01T16:31:59+00:00,AskReddit,Jumpy_Guide3455,Remember the first time you played video games? How did you feel?,2,5,https://www.reddit.com/r/AskReddit/comments/1ols8ul/remember_the_first_time_you_played_video_games/,
1ols78b,2025-11-01T16:30:13+00:00,AskReddit,More-Discipline7917,What’s something you didn’t realize was a luxury until you’ve lost?,2,8,https://www.reddit.com/r/AskReddit/comments/1ols78b/whats_something_you_didnt_realize_was_a_luxury/,
1ols74x,2025-11-01T16:30:07+00:00,AskReddit,XursReviews,What has been your favorite vehicle you owned and why?,3,12,https://www.reddit.com/r/AskReddit/comments/1ols74x/what_has_been_your_favorite_vehicle_you_owned_and/,
1ols6t9,2025-11-01T16:29:45+00:00,AskReddit,XursReviews,Why do you enjoy being a homewrecker?,0,10,https://www.reddit.com/r/AskReddit/comments/1ols6t9/why_do_you_enjoy_being_a_homewrecker/,
1ols6p9,2025-11-01T16:29:38+00:00,AskReddit,Specific-Line-3021,What is your biggest what if question?,2,5,https://www.reddit.com/r/AskReddit/comments/1ols6p9/what_is_your_biggest_what_if_question/,
