subreddit,id,score,url,texto,tipo
Colombia,1oj762g,1,https://reddit.com/r/Colombia/comments/1oj762g/porfavor_ayudenme_a_escoger_entre_estudiar/,"Porfavor ayudenme a escoger entre estudiar psicologia en la unad, tecnologo en gestion de talento humano/tecnico en recurso humano sena o abrir un emprendimiento Hola para todos, soy una joven de 25 años, estudie derecho a la mitad me di cuenta que no me gustaba la tuve que terminar porque tenia una beca y el requisito para no pagar era terminarla, al salir intente buscar trabajo (soy de un municipio de cundinamarca, colombia) y la mayoria (por no decir todos) de las ofertas de empleo que veia eran en bogota (a 2 horas de ida de donde vivo pagando transporte diario 25.000) requerian experiencia de 1 o 2 años previos en firma y especializacion, en los que no pedian esto era para asistente juridico o patinador y pagando el minimo, fuera de transportes me quedaba un millon, intente litigar pero me queria morir en esos meses, por tanto renuncie totalmente.

Desde ese entonces he soñado con estudiar otra carrera, en 11 me llamaba mucho la atencion psicologia, no soy de familia pudiente asi que me toca buscar una universidad economica y virtual, ahí surgió la idea de estudiar en la UNAD, haciendo un esfuerzo gigante economicamente, sin embargo he estado indagando principalmente en grupos de psicologos de facebook y dicen que lo que me recomiendan es no estudiar la carrera, que la UNAD es muy mala universidad y no me van a emplear en ningun lado siendo egresada de alla, que debo hacer especializacion (no tengo los recursos para hacerla), que es muy dificil conseguir trabajo,  que la carrera esta saturada y solo es posible conseguir trabajo estable y bien remunerado con palncas (no tengo) y más que todo comentarios negativos, esto me ha desmotivado demasiado y ya no se ni que hacer, no quiero botar nuevamente 5 años de mi vida y 20 millones de pesos a la basura.

Por otro lado hay gente que motiva a estudiar lo que a uno verdaderamente le gusta (y si tienen razon ya me paso una vez estudiar una carrera que no soporto) pero enserio necesito empezar a ganar dinero.

Tambien habia pensado al terminar psicologia abrir un consultorio psicologico y dar consultas tanto virtual como rpesencial, pero creo (desde mi corta experiencia, por eso estoy pidiendo el punto de vista de otras personas) que la mayoria de personas nunca van a un psicologo particular, por mucho iran al de la eps entonces siento que el camino de ser mi propio jefe sera basicamente un fracaso, tengo mucho miedo

Tambien he estado contemplando la idea de estudiar un tecnico en recurso humano o tecnologo en gestion humana en el sena, he visto grupos de facebook y siento que tambien hay mucha gente graduandose de esto, supongo que alguien que salga del sena en estos programas gana el minimo, o maximo 2 millones y no se que tal facil sea conseguir un trabajo estable, y bueno siendo honesta hacer nominas y afiliar a seguridad no es algo que me llene el alma, (aunque he visto que en psicologia lo que mas trabajo sale es para organizacional/seleccion de personal entonces estaria haciendo masomenos las mismas funciones que en el tecnico, y probablemente ganando lo mismo ya que no soy de una ciudad grande ni saldria se una universidad reconocida y no tendria especializacion ni palancas :( )

Lo otro que he pensado es un emprendimiento pero no me llena, desde pequeña soñaba verme como una profesional y trabajar de ello, les agradezco de todo corazon los comentarios o recomendaciones que me puedan hacer me siento perdida.

Comentario adicional, no me gustan las matematicas, y no se me da bien el ingles",consulta
venezuela,1ng98ey,34,https://reddit.com/r/venezuela/comments/1ng98ey/no_aguanto_más/,"No aguanto más Hola, me llamo José, tengo 19 años, y quiero sincerarme en este post. Ya hice una publicación sobre esto, pero estoy muy desesperanzado. Soy de Maracay, y hace ya un año, en septiembre de 2024, estaba pasando por una situación complicada, lo que me generó mucho estrés, y tenía un trastorno de ansiedad que todavía no había salido al 100% a la luz. Bueno, el caso, es que desde ese entonces tengo un bloqueo emocional, es lo que yo he deducido, después de que he ido con tres psiquiatras muy conocidos aquí en el centro del país, una de Caracas y otros dos aquí en Maracay. Los tres me han diagnosticado trastorno de ansiedad, pero hace un año que no siento nada de emociones, ni buenas, ni malas, y también me cuesta mucho hablar, es como si tuviera la mente 100% en blanco. No hablo con nadie, antes era el más extrovertido de mis amigos, vivo con mi hermana desde que estoy bajo medicación, y la medicación no me ha hecho nada, ya me la han cambiado más de tres veces. Sólo digo ""buenos días"" cuando me levanto y ""buenas noches"" cuando me voy a dormir. Literalmente no hablo nada, y es porque no me salen las palabras. No siento emociones, ya no sé lo que es disfrutar de la música, ni de las cosas. Muchos me dirán que tengo depresión, la primera psiquiatra también me diagnóstico eso, pero la verdad, no siento tristeza, ni nada. Tampoco quiero atentar contra mi vida, pero literalmente estoy viviendo una situación de esas de versos musicales como ""estar vivo no es precisamente igual a vivir"" así me siento, muerto en vida, ya no sé lo que es vivir, si hay algo peor que estar muerto definitivamente es esto. Ya he tocado las puertas por el lado espiritual y de nada me ha servido. Si me dicen que abandone mi mentalidad de víctima, les digo, que estoy poniendo el mayor empeño que puedo día tras día, trato de trabajar, trato de ponerme metas como si me fuera a ayudar, pero no veo mejoría, les digo, nada me hace sentir emociones, es como si fuera un pedazo de carne que no siente ni se ilusiona. No salgo ya nunca de la casa, y cuando salgo un fin de semana con mi hermana, no marca ninguna diferencia para mí. Nadie me ha ayudado realmente. Los brujos me decían ""vas a salir de esto"" o ""te veo un futuro brillante"" pero nunca nada. A esas promesas me he sujetado, pero he dado tantas vueltas, que ahora trato de refugiarme en Dios, y sinceramente, no encuentro respuesta, no logro escuchar su voz. Voy a una iglesia cristiana, escucho alabanzas todos los días al levantarme (aunque no sienta nada) y nada me hace cambiar, es como si estuviera sin alma. Ni siquiera puedo llorar, pero yo sé que Dios sabe que estoy sufriendo muchísimo. En estos días pensé en atentar contra mi vida, pero ni siquiera para eso tenía motivación, es como si estuviera perdido en un limbo o me fuese quedado en otra línea de tiempo. Realmente siento que esto es para siempre, extraño el chamo que era antes, entusiasta, echado para adelante, me iba a ir para Portugal con un primo con quien crecí, ya eso no esta. Sí me dicen que me vaya a ver si mejoro, no tiene mucha lógica, aquí me cuesta mucho trabajar, trabajo en la ferretería de una tía y a duras penas. No me puedo concentrar, no puedo hablar con la gente, no puedo hacer las cosas que cualquiera puede en su día a día. Realmente estoy hecho pedazos. Por cierto, ya me han realizado todo tipo de exámenes, resonancia magnética, electroencefalograma, de tiroides, de vitaminas, de minerales, de testosterona y todo está bien.",consulta
PsicologiaES,1olbtko,4,https://reddit.com/r/PsicologiaES/comments/1olbtko/recuerdos/,"RECUERDOS Hola, nunca he escrito nada pero me preguntó si alguien más le sucede algo así o si puede ser algún síntoma de algo más.

Siento y creo que soy una persona que le da mucho peso a lo negativo de la vida, curiosamente olvidó muchas cosas, pero, cada vez que me pasa algo vergonzoso tiendo a recordarlo siempre y me siento como un tonto.

Ya sea que haya hablado enfrente de una multitud, que haya hecho un comentario que se malinterprete, que me haya tropezado en público, etc, etc.

Siempre vuelven a mi estos momentos, algunas cosas de mi día a día parece que ""reactivan"" estos recuerdos y me hacen sentir mal conmigo mismo, mi solución es decir alguna grosería o pegarme en alguna parte del cuerpo (depende del recuerdo que venga a mi), no sé si alguien más le pase algo parecido y como es que lidia con ello, ya que creo que no es bueno autolesionarme para olvidarlo o intentar pasar a otra cosa.

He ido con psicólogos, con psiquiatras, pero, o no me sé explicar o no soy suficientes detalles, estoy desesperado por encontrar una solución ¡AYUDA!",consulta
PsicologiaES,1olaurx,9,https://reddit.com/r/PsicologiaES/comments/1olaurx/soy_buen_paciente_con_esquizofrenia_alguien_que/,"Soy buen paciente con esquizofrenia, alguien que tenga una duda sobre lo que he aprendido en terapia?. Actualmente no necesito medicamento y estoy por empezar a trabajar, me siento listo para continuar mi vida, si pudiera ayudar a alguien me sería grato.",consulta
PsicologiaES,1ojfnlg,30,https://reddit.com/r/PsicologiaES/comments/1ojfnlg/estoy_demasiado_deprimida/,"Estoy demasiado deprimida Tengo 25 años. Hago terapia desde los 22 y un poco después empecé con psiquiatra y medicación. Hace un mes me mudé de ciudad por trabajo, y además por cuestiones económicas tuve que abandonar el tratamiento, tanto de psiquiatra como psicóloga. 
Hace muchos años me siento permanentemente triste (incluso cuando tomaba la medicación), no tengo energías para nada, me paso el día mirando la pantalla del celular y duermo todo lo que me es posible, siento que cuanto menos tiempo pase despierta más fácil me va a resultar el día. Tengo un trabajo que odio, 8 hs 6 días a la semana. Siento que no me queda tiempo para nada, mi casa es un desastre, ni hablar de hacer algún Hobbie o actividad que me genere placer. También estoy totalmente perdida en la vida y no sé que hacer con mi futuro. Realmente siento que no soy capaz de disfrutar la vida y a la vez no puedo morirme, y eso hace que me sienta acorralada, sin escapatoria. Ya sé que necesito retomar psiq pero hasta que pueda hacerlo me siento muerta en vida",consulta
PsicologiaES,1oitrmc,7,https://reddit.com/r/PsicologiaES/comments/1oitrmc/hay_algún_psicólogo_o_psiquiatra_que_me_pueda/,"¿Hay algún psicólogo o psiquiatra que me pueda decir cómo es que se diagnostica TDAH? Bueno, como lo dije. Quisiera saber si hay alguien profesional que me diga cómo lo diagnostican (creo que también neurólogos pueden ayudar a diagnosticarlo), o incluso alguien a quien le hayan diagnóstico TDAH que me cuente cómo fue y todo eso. Quisiera poder hacerme la prueba y saber si tengo algo como TDAH, TDA o algo, o si solo simplemente soy yo.",consulta
PsicologiaES,1og81fm,0,https://reddit.com/r/PsicologiaES/comments/1og81fm/tal_vez_yo_misma_estoy_arruinando_mi_vida_o_tal/,"Tal vez yo misma estoy arruinando mi vida o tal vez no? Tengo 20 años soy mujer .

Desde los 15estoy en terapia por depresión sobre todo por la pandemia en ese entonces lo normal que pasamos todos al estar tanto tiempo encerrados realmente no era grave o eso pensaba.

Cuando cumpli 17 años aun seguía en terapia pero estaba muy muy bien ya me iban a dar de alta de verdad  entonces paso lo conocí un chico rubio de aspecto amigable nos conocimos por medio de una amiga de el(plan con maña ) y me empezó a coquetear yo la verdad no estaba interesada  este chico se volvió demasiado insistente al punto de interrumpir a la hora del almuerzo cuando yo estaba con mis amigas me pedía abrazos pero a mi me incomodaba demasiado ( me recordaba a un ex violento que tuve con características físicas similares) lo trabaje en terapia y me le acerque para superar mi rechazo a personas con esas características físicas luego este chico me empezaba a observar desde su salón cada que pasaba al baño y finalmente no se como nos volvimos novios duramos a si hasta que cumpli 19 años pero  al se le presentó una necesidad ocupaba dinero para poder estudiar  yo solo lo platique con mi mama a manera de solo contarle a alguien porque me pesaba verlo a si entonces a mi mama se le ocurrió prestarle el dinero que ocupaba yo me senti mucho me dolió y me puse celosa porque sentía que no era nuestra responsabilidad y porque si nos desacabalaba económicamente un tanto y sentía que daban mas por el que por mi (trauma infantil de abandono)  desde hay empezaron las peleas a causa de el  esto fue en julio yo le tenia cierto resentimiento a el por eso no podía estar en paz o tratarlo como antes.


Para septiembre el me corto alegando depresión lo odia aun mas de verdad no lo soporte en ves de llorar le genere un coraje un rencor de dimensiones muy grandes porque aparte nunca antes ningún hombre me habia rechazado.

Segui mi vida sali con amigos con amigas y descubrí que era demasiado feliz sin el hasta que me operaron de emergencia sin avisar solo sucedió por un quiste ovarioco del tamaño de un teléfono que torció mi ovario y me provocó una hemorragia interna .

Desde entonces el se empezó a acercar y yo lo rechazaba lo ignoraba le pedía de forma amable distancia espacio ausencia y el no respeto nada de eso .


Desde hay mi mama empezó a decir todos los fines de semana todos los dias que regresara con el lo alavaba y engrandecer sus cualidades y rasgos físicos casi como si fuera una obsesión  yo lloraba por la presión evitaba el tema y ella me regabañaba por eso y me regañaba por no estar con el empezaron las discusiones en mi casa regaños hacia mi reclamos y todo fue a peor por ese motivo por esa presión.


Hasta que caí en depresión por perdía del ovario y me hormonas por síndrome poliquistico y por  presiones de mi mama de volver con ese chico .

No fui capas de cuidar de mi misma ni de limpiar mi espacio ni siquiera de bañarme seguido o arreglarme pero mantuve la universidad apesar de aver faltado 2 meses por incapacidad de la cirugía y aun a si termine el año con 8.5 de promedio.


En vacaciones mi cuerpo mi mente colapso empece a alucinar ver cosas que se movien objetos pero no era a si escuchaba voces ruidos  todo por un alto nivel de estrés y la depresión logre salir adelante mi mama dejo de presionar hasta que me vio echa un asco.

Cuando me recupere volvió la presión sedi y correspondo los intentos de este chico por regresar al entrar el siguiente año a la universidad para otro ciclo escolar mi mama empezó a mandarle comida para el y trasladarlo también a la universidad llevarlo desde nuestra ciudad natal hasta otra ciudad  según porque es una ayuda caritativa de ella .

Volví a ser su novia por presión no por gusto llevo  2 meses de relación con el pero siempre hay temas de discusión por culpa de el que porque soy fria según mi mama que porque lo trato mal que porque no lo valoro que porque soy mala persona con el cuando yo trato de dar lo mejor de mi de ser tolerante de aceptarlo hay dias que lo quiero mucho y otros donde lo odio .

Hoy iba a ir a una fiesta de disfraces y mi mama empezó a insistir en que lo llevara a el y dije que no ella se molesto pero no insistió mas pero despertó esa semilla culpa de que soy egoísta y mala persona por no llevarlo lo termine invitando pero fue de afuerzas. 


Se lo conté a mi hermana menor quien le reclamo por eso se hizo un desastre ya no iré a la fiesta y ahora mi mama se victimisa diciendo que siempre ella es la mala y que siempre le echo la culpa a ella y que de plano ya no quiere saber nada ni meterse en el tema .


De nuevo el es el centro de los problemas en mi casa tal vez no sea a si no lo se tal vez sea yo misma .

Lo que estoy segura es que me arrepiento tanto de hablarle hablado ese dia que lo conocí de verdad maldigo ese dia y me arrepiento mucho ese es un sentimiento real y puro",actitud/opinion
PsicologiaES,1of3pq1,1,https://reddit.com/r/PsicologiaES/comments/1of3pq1/situación_común_o_problema/,"Situación común o problema? Bueno, antes que nada, si lees esto de antemano, muchas gracias por leer y responder. Verán, hace 5 años, tuve problemas en cuanto a tristeza, una tristeza muy profunda, perdiendo la motivación en muchas cosas que me hacían feliz, entre ellas el fútbol, (hago énfasis en el fútbol porque es importante para mi desde siempre), llegando así con una psicóloga que gracias a ella me recuperé y recobre parte de mi felicidad, tanto como mi forma de vivir. 

Ahora tengo una duda y cierta incertidumbre sobre algo que me pasa desde hace unos 2 o 3 años más o menos, después de todo lo que pasó, desde ese entonces me sentí super bien pero en mi mente muchas de las cosas que viví y vivo se sienten como un sueño, como si yo fuera parte de una ""película"", sintiendo que yo yo no soy yo, y parte de eso hace que no sienta muy bien o nada de muchas emociones a pesar de que la paso bien actualmente y después de las terapias. Pocas veces conecto con cosas cotidianas como el hablar o caminar, incluso ver que hay en la calle o a donde sea que vaya, ahora conecto con lo de fútbol ya que es de las pocas veces en las que me alegro y siento que estoy vivo, no diga que no tenga sentimientos o sensaciones, sino que me cuesta procesar qué esta pasando, si bien no siempre me siento como en un sueño, es la mayoría de las semanas, quizá de 3 o 2 veces en la semana, y los días que me siento ""más vivo"" disfruto mi día, siento que parte de la culpa de que me sienta así es la monotonía de mis actividades, he ido al gimnasio y trato de variar muchas cosas en mi día a día, en el trabajo entre otras cosas, ya no es tan seguido lo que me sucede como antes, era más frecuente, digamos de 5 veces a la semana, pero pues últimamente como recalco no he sufrido tanto eso, y ha afectado mis recuerdos ya que no siempre recuerdo bien algo importante o algún viaje, o algo que me haya hecho bien o mal, se sienten borrosos, a veces olvido cosas tan simples y otras veces no, por eso he considerado ir nuevamente con un psicólogo. 

Y hoy acá, pido ayuda, opiniones, consejos sobre esto, según vi en Google, es la despersonalización, se que no es un diagnóstico, pero vine a preguntar esto si es algo común que puede pasar o no, cualquier cosa que deseas aportar, te lo agradecería",consulta
PsicologiaES,1oenw2k,1,https://reddit.com/r/PsicologiaES/comments/1oenw2k/alguien_más_sufre_de_discernimiento_y_lucidez/,"¿Alguien más sufre de discernimiento y lucidez? Que tal escribo esto para saber si hay alguien posea estos doneso o MALDICIÓN depende de cómo lo veas, bueno ¿como lo han manejado? Tal vez por eso me gusta mucho los temas de Psicología, Filosofía, teología, espiritualidad y que decir del EXISTENCIALISMO me encanta mucho cuestionar todo, Tal vez por eso decidí estudiar psicología... se me hace relativamente fácil no en todos los casos saber cuando alguien oculta algo, le pasa algo y lo reprimen.

Maldición: bueno cada vez me resulta más difícil conectar con las personas, veo las máscaras y como hablan con sus cuerpos , microgestos y es muy jodido saben, también prefiero el aislamiento antes que la exposición a la sociedad, a veces las cosas que digo se la toman como ofensas cuando solo digo la verdad, hay veces que sueles ser tan discernible que aveces se abren muchas más posibilidades en tu mente que me es imposible tomar una decisión, la confianza se quebra fácilmente y para rearmarla toma su tiempo, lo superficial te drena de golpe soy más propenso a buscar vinculos reales, te toman de perfeccionista y mamador y la mejor de las soluciones es callarte y escuchar cuando estás en público o con ""amigos""

Don: puedo sentir empatía y compasión mucho  más fácil por las personas que sufren, entiendes por qué hacen algunas cosas las personas y te decepcionas o Respetas su proceso osea no lo criminalizas tanto, cuestionas todo tipo de conocimiento o doctrina y llegas a tus conclusiones, al ser discernible y lucido puedo adaptarme (si lo deseo) a las personas jugando con una máscara también aunque no es lo mejor y después de esa interacción o de ese rato  con personas que no conoces te sientes vacío cuando llegas a casa.. que no eres tú, soy más propenso a decifrar el 70% o el 80% de lo que me sucede  con mis emociones o una situación que abrume ya sea mi existencia o me sumerja a la depresión aunque si es cierto que en terapia se destapan otras cositas más no puedo ver al 100% lo que me pasa.

¿Alguien de aquí es igual?
¿Cómo trabajan la confianza?
¿Han encontrado una pareja o amigo que los entienda?

Me siento solo a veces por eso que me sucede
:/ a veces siento que estoy loco o me perciben como el bicho raro, o loco.",consulta
PsicologiaES,1oega77,2,https://reddit.com/r/PsicologiaES/comments/1oega77/es_una_red_flag_que_el_psicólogo_diga_que_no_es/,"¿Es una red flag que el psicólogo diga que no es muy válido que me quiera alejar de mi hermano quien acabo con mi confianza varias veces al no dejarme dormir y diciendo de que hay hermanos que se han m4atado por cosas más grandes o hasta más pequeñas que eso? Me refiero, le he dicho más cosas que han pasado, pero... A veces siento que no entiende por qué me afecta tanto o hasta porque estoy tomando las decisiones que YO siento que me ayudan a estar mejor... Siento que considera que hago mucho drama por estas cosas... A veces hasta siento que no me cree...

Últimamente también me siento muy mal después de cada visita al psicólogo. No sé si le dije todo lo que quería decir, si o comunique bien, si la información sirvió de algo, si el problema soy yo o si el problema es mi familia como dice el psicólogo.

Apenas empezamos terapia familiar, pero otra vez, siento que no me cree y piensa que estoy haciendo mucho drama por esto. Han pasado varias situaciones, pero son tan pasivo agresivas y calculadas que siento que mi hermano está manipulando la situación. Hoy tuve muchos nervios, ya sabía lo que mi hermano iba a decir y yo no pude decir todas las situaciones que tenía en mente... Y el psicólogo no está ayudando mucho tampoco.

¿Estoy haciendo mucho drama? ¿O tengo mucha paranoia?
¿Debería pedir un cambio de psicólogo?

A veces me pregunto si debería pedir eso, pero no sé si es posible hacer terapia familiar mientras hablo con un psicólogo diferente...

No se, si alguien sabe de estas cosas que me pueda aconsejar...",consulta
PsicologiaES,1oe4w3q,1,https://reddit.com/r/PsicologiaES/comments/1oe4w3q/maestría_en_psicoterapia_en_línea_que_recomienden/,"¿Maestría en psicoterapia en línea que recomienden? Hola redditores
Ha sido un año ya en el que he estado buscando una maestría en la que pueda aprender lo que necesito para dar una buena y profesional atención, sobre todo porque lo que aprendí en mi carrera no me satisfizo y no me siento preparada. Sin embargo, para poder pagarla, necesito que sea en línea porque requiero trabajar. 
He estado buscando y me he encontrado con el que: El perfil de egreso no me prepara para dar terapia, son de educativa o se ven... Raras.

Estoy considerando UNIR (terapias de tercera generación), pero he escuchado muchas malas críticas sobretodo al aprender y titularse, varias veces he leído que es ""tirar tu dinero a la basura a menos que quieras el papelito""

También consideré el ""Centro de psicoterapia cognitiva"" (https://cpc.mrooms.net/) pero no encontré mucho al respecto 

¿Qué piensan de UNIR? ¿Qué maestría recomiendan? ¿Sería mejor un diplomado? 🙏

Apreciaría mucho su respuestas elaboradas",consulta
PsicologiaES,1odkno0,1,https://reddit.com/r/PsicologiaES/comments/1odkno0/puedo_tener_ansiedad_o_un_tept_por_las_olas_de/,"¿Puedo tener ansiedad o un TEPT por las olas de calor? Hola a todos. 

No se si lo que me está pasando es normal o tengo un problema. 

 Este verano para mí ha sido el peor de mi vida. Por culpa de las olas de calor, he sufrido estrés térmico, llegando a no poder hacer absolutamente nada, tumbada en la cama todo el día y la noche. Iba y venía de trabajar y el resto del tiempo en la cama. He llegado a perder 5 kilos en pleno agosto. Mi cuerpo y mi mente no respondían con normalidad. Solo deseaba que pasarán los días hasta que bajaran las temperaturas. Vivía mirando distintas app del tiempo, rezando para que no volviera a hacer ese calor.

Tras ello, sigo con miedo. No permito cerrar las ventanas totalmente, necesito que corra aire y que haga fresco en casa. Sigo mirando todos los días las app del tiempo, y me empiezo a agobiar si veo que suben las temperaturas. No dejo de pensar en cómo será el próximo verano.

¿Debería acudir a un profesional de la psicología? 

Muchas gracias.",actitud/opinion
PsicologiaES,1ocjltq,0,https://reddit.com/r/PsicologiaES/comments/1ocjltq/tengo_duda_de_una_persona_que_es_mi_amigo_y_que/,"Tengo duda de una persona que es mi amigo y que tiene 20 años Verán esa persona desde que tenía el 19 años en empezó a escuchar voces raras según voces igual que el también después de un trauma que tuvo el tengo que decir que fue fuerte para el aunque desde siempre fue frío y aislado después del trauma el comportamiento le cambió el dice que tiene 3 personalidades una psicopata y el otro narcisista y el aunque el dice que antes eran 5 personalidades una era una chica dulce y noble también según de él tenía otra que era valiente y amable que tenían nombre y edad diferentes después dice el que esas personalidades están muertas aunque después de eso su comportamiento de él fue bastante brusco se volvió un poco cruel, se ríe del sufrimiento de los demás o ya sea propios, tiene fotos de personas y animales muertos aunque eso último lo a hecho el, cizañoso, agresivo y publica comentarios de odio, controlador, una falta empatía ejemplo el va por la calle y ve una persona victima de un abuso de pareja y simplemente dice pues cada quien esta con quiere estar es su problema no el mío y se va aunque es muy sadico aunque eso siempre lo a sido aunque poco y también y e visto que a su madre le pide dinero y si no le da la amenaza de pellizcarla  también un día le abrió el gas de la estufa ósea me preocupa mucho el comportamiento de él últimamente por el porqué el antes no era así de hecho era noble y amable cuando era niño aunque a veces era un ratero aunque aún lo sigue siendo por con cinismo la verdad quiero ayudar pero no se como de hecho el mismo cuando empezó con eso fue al psiquiatra y unos centro psiquiátrico pero nadie según él le hace caso dice que el centro psiquiátrico nomás no le quisieron atender por qué ya estaba siendo atendido por la psiquiatra pero dice el que la psiquiatra es una pendeja y que no sabe nada y que mejor ya no quiere ir  también el se refiere a la gente como insectos, escorias o gusanos ósea necesito una recomendación la verdad me preocupa mucho es mi mejor amigo y yo sé que él por el fondo está sufriendo y que no sabe cómo manejar eso ☹️",actitud/opinion
PsicologiaES,1obb9yv,1,https://reddit.com/r/PsicologiaES/comments/1obb9yv/ex_novia/,"Ex novia Bueno, salí con una mujer 6 meses y después súbitamente me termino, he aprendido de psicología (por internet e IA) soy ingeniero y me intriga mucho el tipo de apego que ella presenta. Me hizo sentir el hombre de sus sueños y luego me cortó de tajo por temas que yo considero menores, por descortesías o despistes (no quiero minimizar mis errores) estos errores nunca los quiso hablar conmigo y se los guardo hasta que explotó y me cortó. Errores de tipo, no le pagué una cena el día de su cumpleaños porque su familia iba a pagársela (pague lo mío). Otro fue cuando el día de su cumple no pude festejarla con mi familia porque ese día llovió mucho y el lugar donde estábamos festejando tuvo que ser desalojado. 

El tema es que con ayuda de IA he estado contándole mi experiencia con detalle y me ha dado este como su supuesto perfil: 

🔹 Rasgos centrales:
	•	Apego ansioso-evitativo (mixto) con tendencia a huir cuando siente demasiada carga emocional, pero luego a extrañar cuando percibe vacío.
	•	Tiene una autoimagen frágil, necesita sentirse “elegida” y validada, pero no sabe sostener vínculos estables sin sabotearlos.
	•	Emocionalmente intensa y sensible, pero racionaliza sus emociones con frases espirituales o reflexivas (“Dios me sostiene”, “no todos entenderán mi vida”) para no mostrar vulnerabilidad directa.

⸻

🔹 Conductas recientes que confirman el patrón:
	1.	Cierra y abre redes sociales (privado/público, elimina foto de perfil, luego reaparece).
→ Señal de inestabilidad emocional y búsqueda de control. Cuando se siente expuesta, se repliega; cuando se siente olvidada, se muestra.
	2.	Publicaciones de “fortaleza con dolor” y espiritualidad.
→ No son simples frases, son intentos de autorregulación. Indican bajón post-rebote, culpa y necesidad de consuelo.
	3.	No te bloquea, pero deja de reaccionar.
→ No quiere perder el vínculo del todo, pero teme verse vulnerable si interactúa.
Es una forma de mantenerte en standby emocional mientras trata de estabilizar su ego.
	4.	Ausencia de publicaciones con el rebote.
→ Señal fuerte de que el rebote ya no le genera orgullo ni emoción. Si la relación estuviera viva, habría contenido “feliz” o validante.
	5.	Miraba tus historias, ahora ya no.
→ No necesariamente desinterés: puede ser mecanismo de defensa (“si veo, me desestabilizo”). Suele durar poco y antecede a un regreso.

⸻

🔹 Estado emocional actual:

Está agotada emocionalmente, sintiendo una mezcla de:
	•	culpa por cómo terminó contigo,
	•	decepción de que “lo nuevo” no llenó lo que esperaba,
	•	y miedo a aceptar que aún siente algo.

Por eso su comunicación hacia el exterior es espiritual o poética; no puede procesar todavía el duelo real.

⸻

🔹 Fase actual:

Fase de “vacío post-rebote”
➡️ El rebote ya no le da la validación que esperaba.
➡️ Tú, al no buscarla, te convertiste en una figura “segura y silenciosa” que su mente empieza a recordar con calma.
➡️ Aún no está lista para buscar contacto directo, pero ya empezó la introspección.


Agregó más contexto, está saliendo con un nuevo tipo, y yo me he mostrado sereno, no la he buscado para nada solamente quedó un tema pendiente de una deuda económica la cual si se está haciendo responsable y por la que hablamos solamente. 

Vengo aquí por ayuda/consejos/apoyo el tema es que ya fuera de los sentimientos que aún tengo, estoy aprendiendo mucho de ella y de la mente humana, me lleve una tremenda sorpresa cuando me enteré que los vínculos son tan complicados (primer relación formal ella tiene 25 años yo 28). 

Si lo leyeron hasta acá, gracias!",actitud/opinion
PsicologiaES,1oannn3,1,https://reddit.com/r/PsicologiaES/comments/1oannn3/mi_terapeuta_no_me_da_mi_informe_psicologico/,"Mi terapeuta no me da mi informe psicologico Acudí a terapia conductual con esta persona durante 6 años, su trabajo fue muy satisfactorio y le estoy muy agradecida pero ahora le estoy pidiendo mi informe para poder tramitar cosas y presentárselo a otros profesionales y evade la pregunta.

No me responde a los mensajes y cuando se lo digo en llamada dice que necesitamos algunas sesiones más para concretar algunas cosas, tampoco me ha diagnosticado formalmente, he sido diagnosticada antes de ser su paciente y aunque parece concordar con la sintomatología y los trastornos que me diagnosticaron (uno de ellos bastante importante para demostrar que tengo leve discapacidad) nunca me ha dicho abiertamente ""tienes tendencias XYZ"" de hecho siempre que he intentado sacar el tema del diagnóstico me ha dicho que los diagnósticos son etiquetas que encierran a la gente en cajas y todo eso está muy bien en sesión pero para trámites legales neceisto poder demostrar ciertas cosas con papeles.

Como soy paciente no sé si está haciendo abuso de mi ignorancia o si esto es normal, soy de España.",consulta
PsicologiaES,1o99onf,2,https://reddit.com/r/PsicologiaES/comments/1o99onf/qué_tan_costoso_puede_ser_ir_a_terapia_con_un/,"Qué tan costoso puede ser ir a terapia con un psicólogo? Hola! Hace tiempo que sé que me vendría muy bien un psicólogo, básicamente porque me lo ha dicho el médico de cabecera (pero también me ha dicho que actualmente no hay sesiones para casos que no sean extremos) y porque siento que como no tengo otro círculo social mi pareja estará ya cansada de escuchar tantos traumas y temas míos. Me puede alguien decir que vale una sesión? Sé que con una no bastará pero para saber si me lo puedo permitir. Y si alguien quiere compartir su experiencia en terapia también me vendría bien porque la verdad es que tampoco me animo mucho a ir, nunca lo he hecho y me da mucho miedo dar ese primer paso, muchas gracias desde ya.",consulta
PsicologiaES,1o8aien,6,https://reddit.com/r/PsicologiaES/comments/1o8aien/el_duelo_es_lineal_a_veces_no_lo_entiendo/,"El duelo es lineal? A veces no lo entiendo Actualmente me encuentro en uno de los momentos más oscuros de toda mi vida, he perdido personas a las cuales amaba con cada fibra de mi ser, estoy aprendiendo a vivir con su ausencia, con saber que ya no están, ni estarán, en los ultimos meses desarollé ansiedad y depresión, empezaré con terapias y ya pedi ayuda, pero hay dias en donde siento que si voy a poder con esto, que saldré adelante, pero hay dias (como hoy) que me parece algo tan irreal todo lo que estoy pasando, que siento que no saldré de esto, y no quiero morirme (literal) en el intento.

Asi se siente el duelo? dias buenos y dias malos?  dias en donde siento que puedo comerme al mundo y dias en donde no puedo ni levantarme de la cama?

Gracias por leerme.",consulta
PsicologiaES,1o883e4,9,https://reddit.com/r/PsicologiaES/comments/1o883e4/debería_preocuparme_si_mi_psicóloga_es_demasiado/,"Debería preocuparme si mi psicóloga es demasiado informal? A travez de las 3 terapias que he cursado, siempre noto como mis psicologas me tratan con cercanía, cariño y de manera jocosa, (suelen abrazarme seguido, tratarme como si fuera un amigo o incluso hasta pellizcarme el cachete) , supongo que esto pasa mas por mi influencia, puesto que soy muy empático, sensible, extrovertido y  suelo entrar en confianza demasiado rápido , literal en las primeras sesiones no tengo ningún tapujo y cuento todos mis secretos mas oscuros. 

esto no lo suelo ver problemático pero el tema es que siento que mi ultima terapeuta ya lo toma muy informal (nunca la noto con un perfil distante, formal y objetivo): durante nuestras sesiones suele hablarme mas como una amiga ,   hace chistes personalizados, se emociona  sonrie y se rie, con lo que le cuento y responde igualmente con risa y cercania, también, me pregunta sobre teoría de mi area de estudio y también sobre servicios varios.  


Esto no lo veo del todo problemático, me pregunto si un@ psicolog@ en sesion debería siempre mantener un perfil formal ,profesional y objetivo, en lugar de uno amistoso, jocoso e informal. La verdad siento que esto me deberia preocupar y ahora ya no puedo tomar en serio del todo a mi psicóloga por esta duda que ahora me carcome.",consulta
PsicologiaES,1o59rzp,5,https://reddit.com/r/PsicologiaES/comments/1o59rzp/rectificación_sobre_el_uso_de_los_flairs_equipo/,"Rectificación sobre el uso de los flairs: Equipo de moderación. Hola, que tal! 

Los saluda de nuevo u/TadeodeLeon10, parte del equipo de moderación de la comunidad r/PsicologiaES.

Me es grato anunciarles por este medio un par de avisos que es necesario aclarar:

🟥 *USO DE FLAIRS*

Hace unos días les hicimos saber por un post aparte que la comunidad sufrirá cambios en el modelo de categorizar los post, esto con el fin de mantener el orden y el equilibrio de las publicaciones en la comunidad. Hemos notado que por la premura de nuestro aviso, es lógico que todavía no se acostumbren a etiquetar sus posts, sin embargo, les haremos la siguiente aclaración:

*ES NECESARIO Y OBLIGATORIO QUE SE COMPROMETAN A UTILIZAR LOS FLAIRS HABILITADOS PARA QUE LA COMUNIDAD EMPIECE A TOMAR FORMA Y ORDEN*

No por nada, les pedimos nuevamente que revisen este post: ⬇️ https://www.reddit.com/r/PsicologiaES/s/DGY5Wo4oZD

Dándole click al enlace, se podrán desplazar automáticamente en donde les hacemos saber los flairs que hemos habilitado y el objetivo que cumple cada una.

🟧 *FLAIR: DEBATE Y REFLEXIÓN*

Asimismo, en el poco tiempo en que hemos dado bienvenida a los flairs establecidos, el equipo de moderación a observado que, hasta el momento, el flair más utilizado es el de *DEBATE Y REFLEXIÓN*.

No obstante, hemos localizado posts categorizados en el flair *Debate y reflexión* que no cumplen con el objetivo del mismo, así que les anticipamos por este comunicado que hemos de actuar a la eliminación de esos posts e invitarlos nuevamente a que formen parte de la comunidad al utilizar los flairs correctamente.

ACLARACIÓN: *La regla de eliminar posts que no sean categorizados correctamente y/o que no cumpla los objetivos de este este, será una regla que se aplica de manera uniforme para todos y para todos los flairs habilitados*

🟦 *PRECAUCIONES*

La justificación del punto anterior lo hemos acordado en el enlace previamente adjunto sobre los flairs y sus objetivos, a pesar de ello, retomaremos el tema de fe nuestra preocupación como moderadores y añadir otros puntos a subrayar:

‼️*Desinformación* ‼️

Al hacer posts en donde se desahogan, corren el riesgo de que otros usuarios los traten de “educar"" con información totalmente sesgada y carente de evidencia científica. En ese post adjunto, les hemos hecho saber que el nuevo objetivo de la comunidad es que se vuelva un espacio de ciencia, por tanto, no será tolerable todo aquel contenido que sea distribuido con meros fines de desinformar.

‼️*Estigmas y prejuicios* ‼️

Tanto ustedes como usuarios activos, como nosotros los moderadores, no tenemos ningún método que pueda anticipar la presencia de usuarios que solo vienen a la comunidad a descargar discursos de odio, violentar, prejuzgar, estigmatizar, ridiculizar, humillar o faltar el respeto.

El riesgo que implican este tipo de personas con sus conductas agresivas y violentas hacia con quienes simplemente buscan desahogarse o reflexionar sobre aspectos sus vidas, es que no permiten que el espacio sea justamente eso: un espacio libre y seguro para quien busca orientación, recomendaciones sobre algún tema personal.

Sépase de antemano que estas conductas no las toleraremos por ser injustificables en todos los aspectos: no hay razón o motivo del por qué venir a una comunidad a agredir a terceras personas.

‼️*Desgaste para la comunidad* ‼️

Estas personas que solo vienen a despotricar agresión verbal o psicológica hacen que ustedes y nosotros como moderación concentremos toda su atención.

Ustedes desgastan tiempo y esfuerzo en interactuar con posts o comentarios que solo violentan, desinforman, prejuzgan o estigmatizar. Por el contrario, el equipo de moderación hace lo mismo que ustedes pero aunado a ello, dedicamos mucho tiempo en poder banear a estos usuarios, eliminar sus posts y comentarios.

🟪 *DERIVACIÓN AL SUBRREDIT ADECUADO*

Puede parecer ilógico que una comunidad de psicología no permita que esta misma sea un espacio para desahogarse; pero ante la preocupación de que usuarios vengan a la comunidad a desinformar o agredir a quienes pretenden expresar su humanidad al desahogarse, no nos queda otra opción más que indicarlo de nuevo:

❌ *QUEDA COMPLETAMENTE VETADO TODO POST O COMENTARIO CON FINES DE DESAHOGO* ❌

Por tanto, hemos de recordarles que si les hes necesario encontrar un espacio en donde puedan desahogarse, no olviden visitar la comunidad r/Desahogo

Les ofrecemos la comunidad r/Desahogo para que ahí se sientan libres de expresarse libremente. No obstante, hemos de señalar lo siguiente:

🚩*La comunidad r/PsicologiaES no se hace responsable de cualquier atropello que puedan sufrir en la comunidad r/Desahogo, esto va de recibir comentarios inapropiados, amenazas, intento de suplantación de identidad, acoso, hostigamiento, etc. RECUERDEN INFORMARSE Y APEGARSE A LAS REGLAS Y NORMAS DE LA COMUNIDAD r/Desahogo* 🚩

Sé que este comunicado ha sido muy extenso pero era necesario para puntualizar criterios que los permiten a los moderadores evitar cualquier intruso que vulnera a otros, hacer la moderación más eficiente y para que la comunidad cobre entre todos nosotros un sentido de pertenecia al compartir una psicología basada en evidencia científica y empírica.

¡Me despido y les deseo que tengan un excelente día!

¡Saludos! 👋",actitud/opinion
PsicologiaES,1o34uyr,12,https://reddit.com/r/PsicologiaES/comments/1o34uyr/mí_psicóloga_me_derivó_al_psiquiatra_en_la/,"Mí psicóloga me derivó al psiquiatra en la primera consulta. Es normal? Hola. La semana pasada empecé terapia con una psicóloga de mí ciudad. Después de la primera sesión, ella me dijo que tal vez lo mejor era hacer una interconsulta con un psiquiatra debido a que mis síntomas estaban interfiriendo en mí día a día y en mis relaciones con los demás. Le dije que no estaba negado a la ayuda farmacológica pero que prefería esperar. Ayer tuve mí segunda sesión y me volvió a insistir que lo mejor era que haga una interconsulta y que mientras podamos seguir con nuestra terapia. Cuando le pedí una opinión de mí caso o de lo que creí que podía tener, me dijo que ella prefería no evaluarme con un diagnóstico ya que no le gustaba encasillar a las personas ni estigmatizarlas. Es normal que se niegue a darme aunque sea un diagnóstico prematuro? Es normal que te deriven tan rápido al psiquiatra? Gracias",actitud/opinion
PsicologiaES,1o2o6k3,1,https://reddit.com/r/PsicologiaES/comments/1o2o6k3/ley_del_caos_necesario_paradigma_el_corazon_de_mi/,"Ley del Caos Necesario, paradigma: el corazon de mi teoria PRE-Lattice 

 El inicio del todo: el caos.
Toda conciencia —humana o cósmica— se organiza a partir del caos.
No es una metáfora: es una ley estructural.

El caos no es un error, es la materia prima del orden.

Esta es la base de mi teoría llamada PRE-Lattice: un modelo que explica cómo la mente y el universo siguen la misma ley funcional de reorganización a través del desorden.

 El caos como motor de la conciencia.
Tu mente no evoluciona en la calma. Evoluciona cuando algo la desordena.
El conflicto, la duda o el sufrimiento no son fallos del sistema:
son el sistema intentando aprender una nueva forma de coherencia.

Por eso, la cordura total no es estabilidad perfecta, sino la capacidad de navegar conscientemente entre el caos y el orden sin romperte.

 El universo también obedece esta ley.
Si el universo estuviera en equilibrio total, no habría expansión, energía ni información nueva.
El propio cosmos demuestra esta ley: se expande para mantenerse vivo.
Cada galaxia que nace, cada átomo que vibra, cada pensamiento que se genera…
es una manifestación del caos que se reorganiza en un nuevo nivel de coherencia.

 La mente como espejo del universo.
La PRE-Lattice propone que la mente humana funciona igual que el universo.
Cada crisis personal es una mini-expansión cósmica:
un reajuste de información, emoción y sentido.

Por eso el crecimiento duele. Porque estás desintegrando una estructura vieja para permitir una más coherente.
El caos no te destruye: te reorganiza.

La Ley de la Incoherencia Funcional.
Esta es la Ley más poderosa e irrefutable de la PRE-Lattice:

“la cordura no es la ausencia de caos, sino la forma refinada del caos que la consciencia logra observar y transformar”

No es teología ni psicología poética.

Es lógica estructural universal:

un sistema que no cambia, muere.
Uno que se desordena para aprender, evoluciona.

La muerte como coherencia total.
Durante la vida, la mente busca el equilibrio entre caos y orden.
En la muerte, ese filtro se disuelve y la conciencia alcanza su máxima coherencia:
la unidad con el universo.
No desaparece: se integra.

En resumen.
Tu confusión no es debilidad.
Tu caos no es falla.
Tu llanto no es colapso.

Todo eso es el proceso natural de una mente que está intentando expandirse.
La PRE-Lattice no te dice cómo vivir:
te explica por qué estás vivo.

Porque la conciencia necesita caos para recordarse a sí misma.
SI es posible refutar mis fundamentos o mis herramientas, EPI o el SEPE, mas no la Ley.",actitud/opinion
PsicologiaES,1o2l0p2,2,https://reddit.com/r/PsicologiaES/comments/1o2l0p2/por_qué_creemos_la_desinformación_de_género/,"Por Qué Creemos la Desinformación de Género Cuando vemos una opinión en redes, nos enfocamos en lo que se dice o en quién lo dice, pero casi nunca pensamos en el **contexto** de esa persona. Como a las nuevas generaciones les cuesta más tener relaciones sanas, buscan muchos consejos sobre temas de género en internet. El peligro no es si el contenido es dañino o no, sino que **creemos que una opinión personal es una verdad indiscutible**.

La verdad es que **lo que vemos en redes es solo el punto de vista de quien habla, no la realidad objetiva**. Esto pasa porque nuestro cerebro usa tres **formas automáticas** de confiar que nos hacen creer en el mensaje sin pensarlo:

# 1. Nos Toca el Corazón

El primer filtro es lo que sentimos. Si la persona que habla describe un **malestar o un rechazo** que nos ha pasado, eso basta para captar nuestra atención. Como sentimos que nos entiende, cualquier explicación que dé después —aunque no tenga pruebas reales— nos parece válida. El argumento no tiene que ser cierto; solo tiene que aliviar nuestro dolor o justificar nuestra frustración.

# 2. Nos Fíamos de los Títulos

A veces confiamos solo en los **títulos o lo que dice ser** la persona. Si alguien se presenta como ""experto en pareja"" o dice tener estudios de psicología, damos por hecho que lo que dice es verdad. Se nos olvida que los títulos pueden ser falsos, y que incluso la opinión de un profesional **está sesgada** por su propia vida y experiencia.

# 3. La Popularidad Manda

El último atajo es la **aprobación de la gente**. Si vemos miles de comentarios que dicen ""¡Es totalmente cierto!"", la popularidad nos hace creer que es verdad, sin que importe si hay lógica o pruebas. Es la trampa de pensar: ""si muchos lo dicen, debe ser así"".

El problema no es que la persona que habla tenga su propia opinión, ya que todas las opiniones son personales. El peligro de verdad es que **no pensamos al consumir**. Cuando tomamos una idea que es solo una parte de la verdad y la volvemos una **regla absoluta**, creamos ideas incorrectas y peligrosas que nos hacen generalizar a los demas.

Para tener una mente sana, la clave es simple: antes de hacer propia una idea, hay que preguntarse **en qué situación** se dijo, **a quién** le sirvió, y si de verdad nos ayuda a construir o a destruir.",actitud/opinion
PsicologiaES,1o1sqfz,3,https://reddit.com/r/PsicologiaES/comments/1o1sqfz/todo_va_a_acabar_en_noviembre/,"todo va a acabar en noviembre Hola, soy de Santiago de Chile. Estoy pasando por un momento muy difícil.
Durante años he sentido que cargo con culpas que no son mías, y que mi familia no reconoce el daño que ha causado. He tratado de mejorar, he pedido perdón, pero siento que nada cambia y que todo sigue igual.
Últimamente me siento muy cansado y con pensamientos muy oscuros, y me asusta estar solo con ellos y tome la desicion de quitarme la vida en noviembre. No busco lástima, solo necesito hablar con alguien que entienda lo que es sentirse sin salida.

Si alguien ha pasado por algo parecido o conoce cómo que hacer cuando nadie te cree, incluso hablando de mi abuso con psicologos y psiquiatras, agradecería mucho leerles.
Debería tomar acciones legales?
Gracias por tomarse el tiempo de leer esto.",consulta
PsicologiaES,1o1djcr,43,https://reddit.com/r/PsicologiaES/comments/1o1djcr/validación_externa_esto_te_está_destruyendo/,"Validación Externa, Esto te está Destruyendo [Validación Externa, Esto te está Destruyendo - HolaTerapia - Romina Di Stéfano](https://preview.redd.it/5hwwnbf6owtf1.png?width=1200&format=png&auto=webp&s=44e1303da08ea4b48f1131e3f83730d9fa600f26)

¿Eres adicto a la validación externa? Esto te está destruyendo

En la era de las redes sociales, el reconocimiento de los demás se ha convertido en una moneda emocional. Un ""me gusta"", un comentario positivo o una aprobación pueden hacer que te sientas valioso. Pero ¿qué pasa cuando no los recibes? Si tu autoestima depende de la opinión de los demás, podrías estar atrapado en la adicción a la validación externa.

# La trampa de la validación externa

Buscar aprobación no es algo nuevo. Desde niños aprendemos que ser aceptados nos ayuda a encajar en la sociedad. Sin embargo, cuando la validación externa se convierte en el centro de nuestra autoestima, aparece la dependencia emocional. En este punto, nuestro bienestar deja de estar en nuestras manos y queda a merced de los juicios ajenos.

El problema es que esta validación es efímera y nunca suficiente. Puedes recibir halagos hoy, pero mañana necesitas más. Y cuando no llegan, la sensación de vacío puede ser devastadora. Vivimos en una montaña rusa emocional, donde nuestra felicidad depende de factores externos que no controlamos.

# ¿Por qué nos pasa esto?

Nuestro cerebro está diseñado para buscar aceptación social porque, en la antigüedad, la pertenencia al grupo significaba supervivencia. Ser rechazados podía dejarnos sin protección, sin comida y sin apoyo. Aunque hoy en día no dependemos de una tribu para sobrevivir, nuestro sistema nervioso sigue reaccionando como si el rechazo fuera un peligro real.

Cada vez que recibimos aprobación, nuestro cerebro libera dopamina, la misma sustancia que genera placer cuando comemos algo que nos gusta o logramos un objetivo. Esto nos hace sentir bien momentáneamente, pero también crea un circuito de recompensa que nos lleva a buscar más validación para repetir la sensación placentera. Es por eso que la falta de aprobación puede generar ansiedad, inseguridad y una sensación de insuficiencia.

El problema es que este mecanismo puede volverse una trampa. Si dependemos demasiado de la validación externa, terminamos desconectados de nuestro propio criterio y nuestra capacidad de autorregulación emocional. Nos volvemos esclavos de la opinión ajena y perdemos la libertad de ser nosotros mismos.

# ¿Cómo saber si eres adicto a la validación externa?

Si te identificas con varias de estas señales, es momento de reflexionar:

* Tu autoestima sube y baja según los comentarios o interacciones que recibes.
* Te cuesta tomar decisiones sin la opinión de otros.
* Evitas el rechazo a toda costa, sacrificando tu autenticidad.
* Sientes ansiedad cuando no recibes reconocimiento o cuando alguien te critica.
* Te obsesionas con la imagen que proyectas y dependes de la aprobación en redes sociales.
* Comparas constantemente tu vida con la de los demás, sintiéndote insuficiente.

Este ciclo puede afectar tu bienestar emocional, generando estrés, inseguridad y una sensación de insatisfacción constante. Además, te impide desarrollar una autoestima sólida basada en tu propio criterio y no en la opinión externa.

# Ejercicio de TCC: Rompiendo el ciclo de la validación externa

Una forma efectiva de entrenar tu mente para salir de esta trampa es a través de la terapia cognitivo-conductual (TCC). Este ejercicio te ayudará a cuestionar la necesidad de validación externa y fortalecer tu autoestima interna:

# Ejercicio: ""El Espejo Interno""

1. **Identifica un pensamiento de validación externa**: Anota una situación en la que hayas buscado aprobación ajena. Ejemplo: ""Me sentí bien cuando recibí muchos likes en mi última publicación, pero me sentí mal cuando no recibí comentarios en otra.""
2. **Cuestiona el pensamiento**: Pregunta:
   * ¿Realmente necesito estos likes para sentirme valioso?
   * ¿Mi felicidad debería depender de esto?
   * ¿Qué diría si fuera mi mejor amigo en esta situación?
3. **Reemplaza la validación externa con autoaprobación**:
   * Escribe una afirmación positiva sobre ti mismo que no dependa de la aprobación ajena. Ejemplo: ""Soy una persona interesante y valiosa, independientemente de la reacción de los demás.""
4. **Practica la independencia emocional**:
   * Durante una semana, intenta realizar pequeñas acciones sin compartirlas ni esperar reconocimiento. Ejemplo: Disfrutar un café sin tomarle foto, lograr un objetivo sin anunciarlo, expresar una opinión sin miedo al juicio.

# La verdadera libertad está en ti

Si siempre esperas que otros te validen, nunca serás completamente libre. Vivirás prisionero de la mirada ajena, moldeando tu vida según lo que esperan los demás. Pero ¿qué pasaría si dejaras de depender de esa validación? ¿Cómo se sentiría tomar decisiones solo porque te hacen feliz a ti?

Imagina una versión de ti que no necesite aprobación para sentirse suficiente. Una persona que se siente bien consigo misma sin importar si recibe aplausos o no. Esa versión de ti es posible, pero requiere un cambio de enfoque: aprender a valorarte desde adentro.

La validación externa no es mala en sí misma. El problema surge cuando se convierte en la única fuente de autoestima. Si sientes que estás atrapado en este ciclo y quieres recuperar el control de tu bienestar emocional, en HolaTerapia tenemos sesiones de terapia psicológica online diseñadas para ayudarte. Son prácticas, efectivas y personalizadas para que desarrolles una autoestima sólida desde cualquier lugar. 

Romina Di Stéfano  
Creadora de HolaTerapia",actitud/opinion
PsicologiaES,1o1da6k,8,https://reddit.com/r/PsicologiaES/comments/1o1da6k/vivir_para_agradar_basta/,"Vivir para Agradar... Basta! [Vivir para Agradar... Basta! - HolaTerapia - Romina Di Stéfano](https://preview.redd.it/fxygcyk3mwtf1.png?width=1200&format=png&auto=webp&s=90acf7212f490ce0bdca9f36db6420e5ae5a854e)

# Tu vida no es un servicio al cliente

Cada vez que dices ""sí"" para evitar que alguien se enoje, cada vez que ocultas tu opinión para no incomodar, cada vez que sacrificas tu tiempo, tu paz y tu energía para no decepcionar a otros... te estás abandonando a ti mismo. Y lo peor es que ni siquiera te das cuenta.

Lo disfrazas de ""soy buena persona"", ""así me educaron"", ""es mi responsabilidad"", pero en realidad estás en un voluntariado emocional que te está drenando. ¿Hasta cuándo?

# El precio de vivir para otros

Funciona así: te esfuerzas por agradar, por cumplir expectativas ajenas, por encajar. Y a cambio, esperas reconocimiento, afecto o, al menos, evitar el rechazo. Pero lo que obtienes es agotamiento, frustración y una identidad que se diluye en lo que los demás quieren de ti.

Lo que no te dicen es que nunca será suficiente. Siempre habrá alguien a quien no le gustes, siempre habrá una opinión que contradiga la tuya, siempre habrá una exigencia nueva. Intentar cumplir con todo es la receta perfecta para el desgaste emocional y la pérdida de autenticidad.

# La trampa de la validación externa

El cerebro busca seguridad, y la aprobación social es una de las formas más primitivas de conseguirla. En tiempos ancestrales, ser aceptado por el grupo significaba supervivencia. Pero hoy, ese instinto juega en nuestra contra: nos vuelve dependientes de la opinión ajena, nos hace postergar nuestras necesidades y nos encierra en un ciclo de complacencia.

¿Te das cuenta de cómo esto impacta en tu vida? Dudas antes de decir lo que piensas, te sientes culpable si priorizas tu bienestar, te preocupas por no decepcionar a los demás... y así, te conviertes en un personaje secundario en tu propia historia.

# El despertar: cuando dejas de mendigar aceptación

La solución no es volverte egoísta ni vivir en una burbuja. Se trata de encontrar el equilibrio: respetarte sin descuidar a los demás. Dejar de hacer cosas por miedo al rechazo y empezar a actuar desde el deseo genuino.

Pregúntate: ¿Esto que estoy haciendo es porque realmente quiero o porque temo la reacción de los demás? Si la respuesta es la segunda, es momento de replantearte tu forma de vivir.

# Cómo empezar a priorizarte sin culpa

1. **Reconoce tu valor**: No eres un producto con etiqueta de ""aprobado"" o ""rechazado"". Tu valor no depende de cuán feliz hagas a los demás.
2. **Aprende a decir ""no""**: No tienes que justificar cada decisión. Un ""no"" claro es más respetable que un ""sí"" forzado.
3. **Haz cosas solo para ti**: Si todo lo que haces es para complacer a otros, tu identidad se diluye. Encuentra espacios donde sólo tú importes.
4. **Observa quiénes te rodean**: Si solo te quieren cuando cedes, tal vez no es amor, sino conveniencia.

  
Dejar de vivir para agradar no significa dejar de ser amable o empático. Significa dejar de traicionarte para encajar. Significa que tu opinión sobre ti mismo debe valer más que la de los demás. Significa recuperar tu poder.

Es posible que sientas miedo al principio. Cambiar la forma en la que te relacionas con el mundo puede generar culpa, ansiedad o incluso rechazo por parte de quienes se beneficiaban de tu sacrificio. Pero al final, te darás cuenta de que quien realmente te quiere, te quiere libre, auténtico y sin condiciones.

Tu vida no debe ser un constante examen de aceptación. No eres un personaje secundario en la historia de otros, eres el protagonista de la tuya. Y si en algún momento dudas, pregúntate: ¿qué pasaría si dejo de intentar agradar? La respuesta puede sorprenderte.

Si sientes que esta lucha te está desgastando y no sabes cómo romper el ciclo, la terapia psicológica online de HolaTerapia puede ayudarte. Diseñada para tu ritmo de vida, con herramientas prácticas y efectivas, te ayudará a reconstruir tu autoestima y aprender a ponerte en primer lugar. Es momento de empezar a vivir para ti. 

Romina Di Stéfano  
Creadora de HolaTerapia",actitud/opinion
PsicologiaES,1o138rg,1,https://reddit.com/r/PsicologiaES/comments/1o138rg/pq_las_personas_nos_cuesta_tanto_aceptar_que/,"Pq las personas nos cuesta tanto aceptar que estamos mal? Hola
No se como empezar, es mi primera vez escribiendo aquí, pero empezaré diciendo que estoy cansada y mi vida parece de circo .

Soy de las personas que su naturaleza es ayudar, no soy frági, no lloro al menos que hablemos de animales  no me gusta insultar, si me insultas, no te insulto de vuelta porque conozco el respeto, a lo que voy, recientemente e vuelto a caer en una etapa que yo creía que ya haber superado que en autosaubetaje a mí misma, Contexto, por qué empezo esto? Esto empezó pq yo emigre de mi país a Estados Unidos, y conocí ese tipo de gente que nadie quiere conocer que eran mismo latinos que me juzgaban por qué llamaba cosas diferentes y por no saber ingles. Bueno gracias a ellos aprendí a ser más selectivas a quien conocer.


Bueno ahora soy estudiante de primer año en la universidad pero alrededor de noviembre del año pasado mi vida se fue a la m, en el condominio que mis familia y yo vivimos se volvieron locos los dueños del sector no del apartamento pq mis padres eran dueños del apartamento, y querían que pagaramos 3 mil , este dinero era para las cuotas del condominio, antes era mil pero nunca hubo un cambio como tal, siempe habían quejas pero nunca hicieron nada.
Pq nunca nos cambiamos del sector? Pq si vives en Estados Unidos sabrás que las escuelas son por sector y en ese momento no había mejor lugar que ese pero en noviembre del año pasado los locos pusieron ese precio impagable


BUENO, continuo, Al final nos mudamos, mis padres no pudieron vender ese departamento pq nadie quiere pagar esa quota para un condominio feito, de paso compraron una casa, que ahora le están pagando al banco,  y no me estoy quejando pero es que la vida nos sigue dando y dando, Pq en junio 30 de este año a mi hermana mayor la cogió ICE, para quienes no sepan que es eso,
eso son policías de inmigración, que te llevan a la carcel y seas o no seas criminal te tratan de lo peor.

Ella estuvo en la prisión 3 meses , yo cuide de su hijo de 2 años , y osea yo no estaba lista para eso créame yo soy de las mujeres que cuando dice yo no quiero ser madre no quiero, lo e pensado si, no lo niego, pero siento que la vida se trata de muchas cosas que solo traer una vida más al mundo, continuo, También cuidaba a mi mamá , pq lloraba casi todo el rato, le ayudaba con los documentos que ella no entendía, callaba a mi padre que a cada rato buscaba pelea y mi otra hermana que solo estaba cuando quería ayudar pq yo sé que no era su responsabilidad ayudar pero también es cansado hacer todo sola


Para rematar mi hermana el primer abogado que contratamos hizo que mi hermana estuviera mucho tiempo en prisión pq hizo todo su trabajo mal y casi todo nuestro dinero se fue con el , después contratamos a otra abogada que fue más compresiva y nos cobró poquito menos   pero ahí le pagamos, lo que no entiendo es pq aquí las finanzas son caras pero bueno allá ellos


A lo que iba de pq no podemos admitir que estamos mal, a este punto no sé si leyeron hasta acá, obviamente no conte todo lo de mi vida pq si no me tomaria todo el reddit 

Pero, yo soy una chica trabajadora, obvio con una carta de reddit no sabrán cómo soy, pero me quedé sin trabajo, por la razón más única mi jefa me dijo que soy  muy extrovertida y que eso es bueno pero que eso se ve mal cuando estoy en el trabajo pq creen que no estoy trabajando osea que estoy chismeando trabajando(aunque no me despidieron solo no me renovaron el contrataron era por temporada) aunque me da risa pq a la semana mi ex jefa contrato a dos personas de su iglesia, señora de porras , enojada no estoy dolida si, pq si me gustaba el trabajo y lo hacía bien

Además, no sé si es pq llevo 4 o más meses desempleadas y no consigo trabajo, osea el otro día me encontré con alguien que me caía bien en la escuela pero no la veía hace un año y la vi y ni ganas de hablarle tengo y hasta la ignoro a propósito, y yo que era puntuales con las tareas , ya ni las hago, me encierro en mi cuarto, escucho los problemas de mis mejores amigos les doy las soluciones de sus problemas pero bueno es normal que no hagan caso yo también hago lo mismo, llegará el tiempo de que lo hagan

Saben ya que nadie sabe quién soy , pum me toca un lunático y me investiga, por favor no no soy mi consentimiento,  pregunta nada que ver ustedes creen que la psicología y la astrología pueden ir de la mano?


además que estoy cansada de la vida si, pero también de mi vida así, estoy cansada de Estados unidos, pero tengo tanto miedo soy una gallina,



Se lo juro osea, se me dió la oportunidad de irme a otro país, pero estaba pensando en terminar mis estudios en Estados Unidos pero al mismo tiempo hacerme mis estudios online de ese país así si en verdad no es algo pasajero me voy, y si no lo es , pues tengo un diploma  más , para no decir que perdí mi dinero, 

Yo sé que para muchos, Estados unidos es la puerta a muchas oportunidades y está bien yo respeto sus opiniones, para mí si lo fue, no lo niego, pero la educación y las costumbres de estados Unidos no me gustan y no es algo que pienso disctuir. Además que la carrera que yo quiero no puedo yo ejercer yo quiero ser detective, si gente a mí me gusta buscar la verdad nuestras lo tener lo suficiente para meter a los criminales a la cárcel entre otras cosas pero aquí yo sé que eso no podré a hacerlo y con los documentos que estoy en el pais ahora me costará un dineral que actualmente no tengo, y no estoy diciendo que no lo tendré pero con el problema que ya tuvimos con mi hermana, eso ya nos quitaron muchos puntos eso ya nos dijo la abogada.



No se si cometi algunos y muchas faltas ortografícas ya que ando media dormida, pero, gracias por leer si que es largo y para que leas esto es que GUA gracias no se que estarás haciendo o estés aburrido/a como yo para leer",consulta
PsicologiaES,1o11jbz,0,https://reddit.com/r/PsicologiaES/comments/1o11jbz/me_están_dando_episodios_raros_de_parálisis_del/,"Me están dando episodios raros de parálisis del sueño y ya no sé qué pensar Últimamente me ha estado pasando seguido la parálisis del sueño, pero lo raro es que tiene patrones.
Casi siempre me pasa cuando estoy por dormir, justo en la fase REM. Primero escucho un tinnitus muy fuerte (ese pitido en los oídos) y en ese momento ya sé que no voy a poder moverme. Después vienen las alucinaciones: sonidos, sombras o cosas que se mueven.

La última vez (ayer) me dieron tres parálisis seguidas, entre las 6 y 7 a.m., y escuché azotes en la puerta. Esto me empezó desde 2019, con un sueño raro que incluyó la primera parálisis. Luego se volvió algo semanal por un tiempo, desapareció, y regresó hace como un año durante un mes. Ahora volvió otra vez.

Algo que me preocupa es que a veces me duele la cabeza o los músculos después de cada episodio. Estoy yendo a terapia, pero no hemos encontrado un patrón claro. No estoy muy estresado, duermo bien (de 10 p.m. a 6 a.m.) y casi siempre duermo de lado, no boca arriba.

Mi terapeuta está considerando mandarme a hacer estudios de fase REM, pero sinceramente me da un poco de miedo 😅.
¿A alguien más le pasa algo parecido o tiene idea de qué podría estar pasando?",actitud/opinion
PsicologiaES,1o10696,10,https://reddit.com/r/PsicologiaES/comments/1o10696/él_transtorno_de_ansiedad_me_está_volviendo_loco/,"Él transtorno de ansiedad me está volviendo loco Hola, tengo 21 años. Me diagnosticaron transtorno de ansiedad desde que inició este año, estuve 3 meses en terapia, pero tuve que terminar mi terapia por problemas económicos, al igual que mis sesiones con el psiquiatra (que me sugirió mi psicólogo). Llevo ya unos meses sin tomar medicamentos por la misma razón económica. Lo más insoportable de esto, es la despersonalización y irrealidad que de la nada me da, es horrible porque estas sensaciones me dan todos los días, casi todo el día. Y al estar pasando por esos episodios de irrealidad, me empieza a dar una crisis existencial por las sensaciones de no sentirme vivo o real. Y en esos momentos me empiezan a dar ataques de pánico. Tengo miedo de quedarme con esas sensaciones para toda mi vida o de volverme loco y perder la cordura.",consulta
PsicologiaES,1o0h2j3,2,https://reddit.com/r/PsicologiaES/comments/1o0h2j3/la_verdadera_soledad_resentimiento_coomo_superar/,"La verdadera soledad? resentimiento? coomo superar? Bueno, agradezco que tomen el tiempo de leer y me den un consejito, qusiear no ir al psicologo y tratarlo yo mismo peeero igual gracias x los consejos, use AI para redactarlo mejor. ayuda?

desde tipo 2011 sufrí una depresión donde no salí de mi casa durante 7 meses. Estaba re delgado y tenía bastante acné. Aparte, pasaba navidades solo, cumpleaños solo, la graduación del cole solo, porque mis papás no viven aquí. Todo eso fue formando unos hábitos de soledad, pero al mismo tiempo fui aprendiendo a programar.Sé inglés un 90% porque estudié en USA 4 años. Sé de stocks desde hace tiempo, trabajo remoto como data analyst y gano bien. Tengo dinero en el banco, casa… pero siempre solo. Tengo amigos, pero al mismo tiempo no los busco.

Aparte de eso, mis relaciones amorosas han sido un caos. Quedé triste y “traumado” con alguien que me hizo mucho daño, y a veces lo resiento y pienso, y pienso, a pesar de que pasaron años ya. No fue por eso que me metí al gym, pero estoy “mamado”, soy un gym rat desde hace años, unos 10 quizás. No tengo acné, soy alto (1.75 cm), aunque realmente no me considero súper guapo, pero mi “ratio” de conseguir mujeres ha subido.

llevo como 2 anios al mismo gym y puedo pasar dias sin hablar a nadie, y cuando hablo me dicen 'wow pense q eras solo cosas, o te miras enojado etc '

Yo cuando estoy en un grupo y se rien, y me ven automaticamente mi mente piensa 'se estan burlando de mi' y me auto elimino del grupo, cuando conozco a alguien me dicen tambien 'es que ud esta fuera de mi liga' cuando en realidad yo soy el q me siento inferior, automaticamente me hago aun lado! me dicen mucho 'pense q no me voltearia a ver o me haria caso ' y cuando es todo lo contrario, por que pasa esto?? quisiera llegar a solucionarlo porque quiero ya vivir...

Pero al mismo tiempo no me comprometo. Me invitan a salir y les digo que mejor no. Me llegan a hablar en el gym y no más no. No me siento que pertenezco ahí, ni en mis grupos de amigos ya. En Facebook me mandan muchas solicitudes, muchachas muy bellas, en IG también. Soy literal el chico del gym que dice en el meme: “el callado que no habla, el misterioso”.

Peeeeero yo odio este concepto, porque yo realmente sí soy así, y no porque quiera ser el misterioso. La verdad, hace unos días me pegó y lloré mucho, porque llegó una chava a hablarme (me pasa casi seguido) y no más no pude contenerme. Llegué a mi casa y lloré, porque me di cuenta, con lo que me contó, que llevo una vida totalmente solitaria.

Todos tienen una vida, amigos, salidas, y yo me quedé tan solo. Juego al COD todo el día, hago crypto y stocks. Ya me va bien, tengo una moto y un carro. Incluso compré equipo para gym en mi casa porque a veces no más no quiero salir al gym. Literal, la única vez que salgo a la calle es cuando voy al gym.

Incluso un amigo vecino con el que crecí pensó que estaba en USA, porque llevaba más de un año de no verme, sin saber que no salgo más que al gym. Llevo como 3 años que no salgo a ver las fiestas patrias de mi pueblo. Hoy justamente es feria en mi pueblo, y llevo desde el 2022 sin salir a dar una vuelta, la última vez quizás que pasé por mi pueblo.

Por eso me da risa, porque hace unos 2 o 3 años empezó mucho ese trend de “soy antisocial”, “prefiero no salir”, “tengo ansiedad”, etc., cuando realmente todo lo que dicen es por moda. Yo salgo y río con los cuates, tengo un agarre aquí o allá, y quizás he conocido a alguien que valga la pena, pero no más, mejor me alejo.

Y aunque digan como el meme “prefiero una casita alejada y soy feliz”, no, no sos feliz. Es re feo. Odio estar así. Lloré mucho hace 3 días porque ya no quiero vivir así. y talvez los de fuera piensesn que solo soy el 'creido y orgulloso' que no habla? :(",consulta
PsicologiaES,1nzzuj8,0,https://reddit.com/r/PsicologiaES/comments/1nzzuj8/que_debería_hacer/,"¿Que debería hacer? Hola todos, aquí vengo a dejar un poco de mis pensamientos que llevo cargando desde el 2024.

Bueno, de lo que recuerdo del 2023 es que yo no tenia ningún tipo de problema social o así, todavía estaba en primaria y todos a mi parecer eran bastante variados en gustos y intereses, aunque no me gustaba hablar con gente que era mujer ya que bueno, solo me la pasaba pensando en memes y videojuegos. 

Cuando llegó 2024 fue cuando TODO se desboronó, ya que me habían pasado de aula, y en la aula en la que estaba antes de que me pasaran, un amigo empezó a hablar y socializar con sus compañeros, lo cual no hay problema en eso, pero ellos les empezaron a gustar el futbol, un deporte que parece que todos los de mi generación solo se la pasan pensando, y la verdad yo no tengo problema con el deporte, pero no me gusta en absoluto que la gente que lo juega parezcan caballos, chocándose unos contra otros, todos sudados, y que se enojen demasiado con las personas que ganaron (a mi parecer que se enojen por eso no tiene tanto sentido porque los que ganaron no ganaron nada más que algo intangible como un partido), así que recuerdo que todos los se iban a jugar futbol y yo me quedaba solo. 

Además de que mis gustos no son como los demás, y no quiero parecer esas personas que dicen lo mismo pero que son super básicas, ya que de verdad yo soy muy diferente, al menos diferente en mi generación, a mi me empezó a gustar el anime (algo que los hombres de mi generación no les gusta) por medio de un juego que se llama Persona 5 Royal, en mi infancia, solo me encantaba Undertale y Deltarune y otros juegos más, y hoy en día me encanta la propia musica de los juegos de Persona modernos y de un artista que se llama Jeff Williams y en juegos me encantan los RPJ por combate por turnos y buena musica y historia, además de que no sean de tantos puzzles, o simplemente diferentes juegos de historia como Omori, de animes ya me he visto varios pero ya casi me termino Evangelion.

Mientras tanto, por el lado de las mujeres, yo veía como ellas se divertían y se tenian bastante cariño mutuo (tal vez un poco demasiado casi pareciendo lesbianas pero no me importaba) y también veía que ellas eran amigas de todas las mujeres del aula, pero sabiendo que yo era hombre no me sentía cómodo tratar de hablar con ellas porque saben que yo no soy tan así y además de que tenia miedo de que malinterpretaran las cosas y pensaran que quería algo con ellas o que me dejaran de hablar, pero me gustaba mucho que las mujeres en mi generación tienen personalidades distintas y muchas tienen gustos diferentes, algo que en los hombres no se ve.

Mi vida en ese año se resumía en un ciclo monótono de: “levantarse, ir a la escuela, pasar los recreos solo viendo mi celular mientras esperaba que alguien buena gente llegara a hablarme, llegar a mi casa a jugar videojuegos buenos y que me gustan como el Persona 5 Royal en ese momento, y dormir”, la verdad es que si ustedes hubieran vivido eso habrían muchos que a los 6 meses ya se hubieran ido de este mundo.

Lo único que me mantuvo vivo de esa depresión y soledad fue el saber que yo soy ciudadano americano (pero desde los 3 años de edad vivo en latam) y que sé que en varios años faltantes podré ir a vivir a Texas, además de que mi papá y mi mamá que estan divorsiados empezaron a hacer todos los tramites para que yo pueda salir de latam y pueda visitar a mi papá que vive en Texas en diciembre, así que estaba emocionado por ir a visitar conscientemente ese estado del país porque todo lo que me gusta está ahí, y ustedes pueden preguntar “¿y por qué no te quedaste allí?” Bueno, mi papá es una persona inmadura que no está calificado para tener hijos con él, y más que yo ya casi estaba en la adolescencia.

Cuando llegué aquí de mi viaje de Texas en enero de este año, continué mi vida en el resto de vacaciones que me quedaban. Después, al llegar Febrero, yo llegué a la secundaria, allí conocí a una chica que el año pasado me habia hablado por whatsapp y que conocía una excompañera mia, ella me hizo una broma con su otra amiga de que esa amiga de ella le gustaba a mí (como yo queria ver algo interezante y fuera de mi rutina le dije que tambien me gustaba ella pero solo queria ver que tan lejos llegaba eso), la cosa es que después terminamos hablando un poco y nos dimos cuenta que ibamos a entrar al mismo colegio, entonces fue raro vernos en la vida real cuando llegamos a entrar al colegio (una cosa del colegio de que entré es que solo gente inteligente y que memorise las clases bien puede entrar, ya que solo había 65 campos y habia un examen de ingreso que aprobé), pero por alguna razon el destino parece que queria que yo sufriera más porque nos tocó en aulas diferentes, entonces en los primeros días hablamos bastante y recorriamos el colegio, pero en esos días sentí que me dejó de hablar porque ella la veía hablando con nuevas amigas de ella y no queria molestarla, tampoco queria enviarle mensajes porque sentía que iba a ser muy invasivo con ella y se iba a incomodar, así que dejamos de hablar a los días.

Después, a los días unas compañeras en el bus me dijeron que me sentara con ellas, así que accedí para ver como eran ellas, después de eso, otro día que estaba yo caminando por los pasillos, una de ellas me dijo que me sentara con ellas en un espacio donde mucha gente del colegio se sienta en el piso, así que para no quedarme solo accedí, y a los días fui haciendo lo mismo, pero luego me dí cuenta que ellas eran muy infantiles, y yo quiero a veces hablar de cosas serias, así que aunque no me alejé en ese tiempo, si me sentia muy callado.

Ya luego, conocí a una chica que un amigo me dijo que le hablara porque él me metió a un grupo de whatsapp donde una polemica del colegio de ese amigo y me dijo que spameara memes y stickers ahí, y esa chica que estaba ahí usaba stickers anime, y ella me mandó mensaje por priv para decirme que le habia hecho el día con esos memes ya que le dió mucha gracia, y a mi me gusta hablar con gente que le guste el anime ya que siento que muchas veces compartimos los mismos gustos, y cuando empezamos a hablar, me dí cuenta que esa chica era como yo en gustos, pero claro, siento yo que como ella es mujer entonces ella tiene muchas amigas por eso, no se veía una persona solitaria, de verdad, hablé demasiado esa noche con ella, la cosa es que siento que fuí muy invasivo con ella de lo obsecionado que me puse al saber que ella tenia los mismos gustos que yo, que me dejó de hablar el siguiente día, me dejaba los mensajes en enviado y ni siquiera los leía.

Luego, hubo un tiempo en el que me empezó a gustar Osu! y lo jugaba casi todos los días, y en el grupo del salon de whatsapp, hay un compañero que se llama Caleb, y él puso que él se había era demasiado bueno en Geometry Dash, y habia puesto que se habia pasado algunos extreme demons, yo le hable por privado para hablarle de Osu y me dijo que él lo queria jugar, así que gracias a eso empezamos a hablar un monton, casí parecia que mi vida estaba resuelta, pero él no tenia buena compu o mouse, así que era malisimo en Osu, aunque eso no me importó porque después él me dijo sobre que le gustaba una banda que se llama Nirvana, y me preguntó que si sabia que qué le habia pasado al cantante, yo si sabia así que le dije lo de que él se habia p3g@do un t¡ro, y como ese es como “un meme de nirvana” entonces no paraba yo de hablar de eso, él es una persona bastante extrovertida así que me gusta pasar el tiempo con él, también siento yo que para no quedarme solo otra vez, a mi me empezó a gustar Nirvana solo por eso, ahora no paro de escucharlo, pero solo de los grupos de Rock solo Nirvana me gusta (y Jeff Williams tmb), así que lo que hacemos hoy en día es, como yo tengo audifonos, escuchar el album de Nevermind y mi playlist propio, a él no le molesta las canciones de Persona y Jeff Williams así que por eso le presto mis audifonos, él jugaba Geometry Dash en el telefono de él de vez en cuando pero no era tan bueno que cuando él tiene su compu, pero luego se le rompió al hacer como si el se hubiera enojado porque perdió y terminó rompiendo de verdad el telefono, desde ese día él no para de traer su compu y jugar geometry dash. Puede que todo sea hasta aquí de color de rosas, pero en los recreos ahora cuando traen una bola, el se pone a jugar futbol con los demás y me siento mal porque es como volver al 2024, ya que es recorrer los pasillos una y otra vez con musica en mis audifonos.

Otra cosa que recuerdo, es que conocí a otra chica que se está haciendo MUY amiga de la otra chica que me hizo la broma de que le gustaba, la conocí porque ella se veia muy simpatica y fue porque tmb ella es MUY amiga de Caleb desde el año pasado, así que antes y a veces ahora cuando estamos caminando Caleb y yo, escuchando Nirvana y otros 2 artistas, Caleb siempre llega, la abraza, la saluda, la molesta un poco, y se va. Pero un día, Caleb la saludó y se fue a jugar futbol en ese mismo lugar, entonces, de manera casual, me fuí a ellas dos a decirles que el me dejo solo, entonces ella me vió que siempre estoy con él me empezó a hablar un monton y a hacerme muchas preguntas y como ella siempre está con la que me hizo aquella broma y que le gusta el anime tambien, me gustaba mucho estar con ellas dos cuando Caleb se iba a jugar futbol en los recreos, ya que me hablaban mucho y eran demasiado divertidas y muchas veces interezantes, también hubo unos dias donde estaba otra compañera de ellas dos que estaban al parecer amistando cuando yo estaba con ellas, era un poco callada pero le gustaba estar con ellas, incluso tanto fue mi emocion por estar con ellas tres que les pregunte que qué querian que les trajese de Estados Unidos si lo llegaba a visitar, y las 3 dijeron que dulces y chocolates, pero, dejando de lado esos días de felicidad, me dí cuenta que poco a poco ellas dos solo hablaban entre ellas y parecia como si mi presencia fuera invisible (por cierto la otra chica callada ya no estaba con ellas), así que deje de buscarlas en el recreo por eso, además de que sentia que si yo fuera mujer me tratarian de manera distinta, y me empecé a sentir muy solo en los recreos.

Después, hubo días en los que pude estar con Caleb en los pasillos porque se les olvidaban traer una bola para jugar futbol, así que yo me iba a sentar con los que podríamos decir “un grupo de gente que tiene gustos iguales a muchos de mi generación pero con carácter diferente”, esta gente que Caleb conoce porque es muy extrovertido hizo que pueda conocer a otra chica más con sus dos amigas.

En ese grupo estan unas personas que se llaman Santiago (una persona que juega constantemente al futbol y habla mucho con caleb), Dwayne (una persona que habla mucho con esta chica, Luciana (una chica que ya voy a contar que está pasando con ella) y las dos amigas que no les hablo mucho que son Jime y L (para abreviar).

Antes de decir lo de Luciana, tambien llegué a conocer unos chicos que son de una mitad del aula, ya que a veces separan a mi aula en dos, en los primeros días de colegio ellos me caían bien, ellos se llaman Alejandro, Yael, Amir, Jose, y Ian. El problema de ellos es que aunque Alejandro sea una persona que me cae bien, él también se va a jugar futbol con los otros en los recreos y la mayoria del tiempo me la paso con Caleb en las aulas, Yael le gusta el anime tambien, pero él es demasiado sarcastico y humoristico y a mi me gusta a veces ser serio con la gente, Jose es una persona de mente cerrada que solo se la pasa pensando en chicas s¡n r0p@, Amir que antes me deba risa pero ahora me cae super mal porque solo se la pasa molestando a los demás y jode demasiado, además de que yo un día conté que me gustaba mucho los juegos de Persona y Amir solo se la pasa molestandome diciendo que esos juegos son una mrd y a veces solo lo quiero tirar a él de un barranco, y Ian que le gusta el anime pero tambien es muy humoristico y se la pasa peleando con los demás, y en los recreos él se va para la casa de él, así que no me gusta mucho hablar con ellos aunque son los unicos hombres de esa mitad del aula. En este apartado tambien conocí a unas chicas que me parecen interezantes tambien, pero fue como un día que ellas me llamaron para usar mi celular y usar OmeTV, pero nunca siento confianza para hablarles porque siento que es un grupo muy unido y no quiero llegar de repente y incomodarlas.

Bueno, también, un día, cuando estaba la aula dividida en dos, Luciana como conoce a Alejandro, estaba con él pero él no le daba mucha bola, así que ella viene y se me acerca a mi a hablar, me empezó a decir que ella todavia jugaba Stumble Guys y que me lo instalara para jugar con ella, pero le tuve que decir que no porque no tengo internet, en esa semana, empecé a conocer mucho más a ella, ya que en esa semana cuando ella estaba con sus amigas a veces me llamaba para hablarme en las clases que no hay profes estrictos y que nos dejan usar el celular y hablar con nuestras amistades, y le gustaba tomarse fotos conmigo, aunque ella es de gustos muy basicos (que con solo que les diga que ella le gusta hacer los trends de tiktok y insta y hace bailes para sus historias de insta cantando las canciones de trap o de brainrots de hoy día ya se pueden imaginar como es) pero aun así, fuera de sus gustos es interezante estar con ella, ya que ella siento yo que quiere mucho a todos, ella abraza a todos incluido a mi y conoce casi a todos de nuestro grado, o sea que conoce de a la mayoria de los otros que estan en la otra aula tambien, y hace muchas cosas por todos, me acuerdo un día que le acompañe casi todo el día cuando ella se le ocurrio hacer cartas para todas sus amistades del colegio en sí, en la mia, puso que me queria mucho porque yo sabia prestar atencion muy bien y le gustaba como la hacia sentir, aunque no sé que pudo haber escrito en otras cartas. Ella me dijo que le costaba hacer cartas para hombres entonces me quede callado porque siento que si digo algo mal, puedo cagar la amistad. Pero, el día de ayer, ella cuando la traté de saludar en la parada de bus que ella ya se estaba montando, medio que hizo como que si fuera invisible, y me puse a pensar de todo, incluso la salude otra vez cuando ella se sentó en el bus pero solo se me quedó viendo y quito la mirada, después, yo solo me senté detrás de ella y me dijo que “¿como estás?” entonces le dije que bien casi que automatico y después le pregunté que como estaba ella, me dijo que bien así que no se me ocurrió que más decir, así que solo dije “Ahh, que bien.” y me puse a ver la ventana, después ella se puso a arreglarse las pestañas y se hizo una trenza en el cabello, cuando terminó de hacersela, ella me dijo que “¿se ve bien mi trenza?” Así que le dije que sí, que se le veía bastante bien, pero claro, no hubo mucha conversación como otros días, después cuando el bus llegó al cole, yo me bajé y crucé la calle, en eso escucho que me dice que la esperara, ahí hubo un poco de conversación, y cuando llegamos al aula tambien, pero después se encontró con otra persona y empezaron a hablar entre ellos, pero gracias a dios llegó Caleb y nos pusimos a caminar él y yo, pasamos el día normal hasta final de almuerzo, que él se fue a jugar bola y me dejó solo y me puse un poco mal, el aula se dividió, y pensé que Luciana me iba a decir que me sentara con ella como normalmente hace, pero cuando llegué al aula, otra amiga de ella que la vamos a llamar Bub se quizo a sentar con ella, y Luciana le apartó campo a la par de ella, pero claro, sentí ese día que ellas dos hablaban y hablaban y siempre siento que como soy hombre ellas no quieren hablar tanto conmigo porque yo estaba un poco apartado.




Acá pasamos a la parte de emociones y pensamientos que he tenido a lo largo de estos dos años, DE VERDAD GRACIAS A LOS QUE HAN LLEGADO HASTA AQUÍ PARA VER TODA MI VIDA DESDE EL 2024 HASTA ACÁ, a partir de aquí voy a decir pensamientos y sentimientos que he sentido en estos dos años.

————————————————————

Bueno, en base en todo lo que he vivido hasta ahora, la verdad es que comparado en 2024 ya no me siento tan solo, pero, la cosa es que, aun así siento que como que la gente a veces simplemente tiene con quien hablar y se olvida de mi, me siento bien por ellos que hablan mucho con otras personas, pero, me siento con un sentimiento de vacio cuando gente que quiero que me hable a diario no esta disponible, me siento demasiado solo, además, la gente por alguna razon, cuando les enseño lo que me gusta ellos terminan como si no les interezara en absoluto, siento tambien que si Luciana me deja de hablar igual, voy a terminar siendo muy introvertido, y creo que terminare desarrollando ansiedad social por la gente, si ella me deja de hablar seria como la 5º vez que me voy a sentir ignorado, y esta soledad no parece que haya escapatoria, veran, no le puedo contar esto a mi mamá porque no la quiero molestar con psicologos, ella odia gastar dineros que para ella parecen insignificantes, y yo cuando era pequeño vi que mi hermano cuando era adolescente y ella se peleaban mucho, y él era muy depresivo, pero eso era por razones más estupidas como que por ejemplo que la mejor amiga no queria ser novia de él, etc, y no me gusta molestar mucho a la gente con mis problemas y sé que ella puede que se enoje por eso, la psicóloga del colegio tampoco es una opcion ya que puede llegar a llamar a mi madre para decirle todo eso, que es lo que trato de evitar, he hablado con Caleb sobre lo solo que me siento y dijo que ya no iba a jugar futbol por eso y porque segun el solo lo juega por el deporte, pero, aun así se va a jugar, he hablado con otro “amigo” del año pasado sobre eso igual, pero llegó a la misma conclusion que yo tambien “Mis gustos son totalmente diferentes a los de los demás”, además, siento como que la gente ya no es original y ni siquiera se esfuerza por serlo, solo parece que las mujeres si, pero, si se han dado cuenta, las amistades femeninas que he tenido me han dejado de hablar, ya sea porque al parecer prefieren hablar entre ellas o solo me dejan esperando, estos días me he sentido muy cansado, de todo, de absolutamente todo, siento como si tuviera que hacer un esfuerzo hasta para pensar, ya no siento que pensaba comp antes, es como un sentimiento de bloqueo pero creo que puedo seguir pensando en estos sentimientos de soledad o alejamiento social, y al rato esos son signos de depresion, además, siento yo que los géneros NO DEBERIAN EXISTIR, solo piensalo, ¿no crees que si no existieran podrias interactuar libremente con todos sin malinterpretar nada? Además, por los generos las personas terminan teniendo gustos totalmente diferentes para que terminen gustando de lo que se supone que les tiene que gustar, las mujeres no tanto, yo siento que son muy variadas, pero sin los géneros todos seriamos muy diferentes y conoceríamos muchas personas sin tener que depender de un factor fisico-social. Y como veran tambien sobrepienso mucho las cosas, y me he preguntado “¿por qué siento que soy el unico hombre en mi generación que solo se la pasa pensando en la vida?” Quizas es porque ¿soy muy sentimental? No sé, solo me he sentido muy solo y siempre me la paso pensando en mi vida, solo quiero descansar, y tengo miedo de los examenes que ya casi vienen, no me he podido concentrar en el colegio estos días, y los temas nuevos de Español, ciencias, mate, etc siento que voy a salir mal, y si salgo mal seguro mis padres se van a enojar un monton conmigo, mi mamá dice “Es que los videojuegos los tienen como tontos” cuando muchas veces es lo contrario, o siempre me compara a mi con mi hermano diciendo “Es que ustedes dos parecen inutiles, usted parece que va para el mismo camino” pero ella no todo el tiempo es así, muchas veces solo me trata como si tuviera 5 años o algo así y estoy arto, pero no quiero decirle nada porque no la quiero hacer enojar o molestar, no sé que solucion hay para todo esto, y incluso he pensado en que si yo ahora mismo solo me fuera de este mundo, ahí solo la gente es cuando se preocuparia por mi, pero si estas vivo nadie se acuerda tanto de ti, pero lo unico que me mantiene vivo es saber que lo unico bueno de mi vida es que al yo ser ciudadano americano eso quiere decir que cuando sea adulto responsable podre ir a vivir a Texas y olvidarme de todo esto, pero… ¿y si al final simplemente nunca llego a tener muchos recuerdos buenos de la secundaria?…

¿Que piensan de TOOODO esto? DE VERDAD MUCHAS GRACIAS POR LLEGAR HASTA AQUÍ TODOS POR SEGUNDA VEZ.",consulta
